id_cliente,perfil_renda_origem,renda_media,renda_desvio,coef_variacao_renda,meses_com_renda,renda_confiavel,despesa_media_mensal,despesa_fixa_total,despesa_fixa_mensal_media,saldo_medio_mensal,comprometimento_fixo,idade,genero,perfil_financeiro
1,alto,3651.45,1507.65,0.4129,12,True,2546.19,8046.12,670.51,1105.26,0.1836,54,F,Em observação
2,moderado,3130.82,833.48,0.2662,12,True,3712.06,14579.16,1214.93,-581.24,0.3881,33,F,Em risco
3,alto,5438.19,2456.6,0.4517,12,True,4427.53,14068.44,1172.37,1010.66,0.2156,46,F,Em observação
4,moderado,3417.39,703.5,0.2059,12,True,3434.65,7643.28,636.94,-17.26,0.1864,41,F,Em risco
5,estavel,3310.13,247.24,0.0747,12,True,2682.55,14579.4,1214.95,627.58,0.367,34,M,Saudável
6,alto,3983.3,1836.92,0.4612,12,True,3244.26,17721.0,1476.75,739.04,0.3707,59,F,Em observação
7,alto,8153.65,3920.61,0.4808,12,True,5828.84,47221.92,3935.16,2324.81,0.4826,37,F,Em observação
8,alto,2078.9,831.59,0.4,12,True,1749.27,6711.96,559.33,329.63,0.2691,48,F,Em observação
9,estavel,5373.27,150.03,0.0279,12,True,4713.65,26269.08,2189.09,659.62,0.4074,49,F,Em observação
10,moderado,1621.05,446.17,0.2752,12,True,1100.42,6165.48,513.79,520.63,0.3169,32,M,Saudável
11,moderado,4190.31,835.48,0.1994,12,True,3341.74,15315.48,1276.29,848.57,0.3046,23,M,Saudável
12,alto,7719.8,2927.02,0.3792,12,True,5482.46,34977.0,2914.75,2237.34,0.3776,55,M,Saudável
13,moderado,4734.62,1146.68,0.2422,12,True,5842.23,37597.2,3133.1,-1107.61,0.6617,30,M,Em risco
14,alto,4103.26,1941.53,0.4732,12,True,3298.4,18567.84,1547.32,804.86,0.3771,26,M,Em observação
15,moderado,2952.93,423.64,0.1435,12,True,3242.74,14851.2,1237.6,-289.81,0.4191,59,M,Em risco
16,estavel,3853.46,352.49,0.0915,12,True,3024.15,13295.52,1107.96,829.31,0.2875,25,M,Saudável
17,moderado,3392.52,871.13,0.2568,12,True,2940.2,7579.92,631.66,452.32,0.1862,48,M,Saudável
18,estavel,2667.95,263.38,0.0987,12,True,1553.16,5574.84,464.57,1114.79,0.1741,48,F,Saudável
19,alto,3335.28,1606.27,0.4816,12,True,2466.53,9669.72,805.81,868.75,0.2416,48,F,Em observação
20,moderado,4154.83,622.34,0.1498,12,True,3564.41,10753.32,896.11,590.42,0.2157,50,F,Saudável
21,alto,2690.57,1255.29,0.4666,12,True,2974.37,17346.12,1445.51,-283.8,0.5373,28,F,Em risco
22,moderado,2643.69,541.61,0.2049,12,True,2273.46,16355.16,1362.93,370.23,0.5155,25,M,Em observação
23,alto,2060.38,877.43,0.4259,12,True,2202.69,7501.2,625.1,-142.31,0.3034,52,F,Em risco
24,alto,4530.48,2235.92,0.4935,12,True,4237.5,23518.92,1959.91,292.98,0.4326,54,F,Em observação
25,alto,4856.88,2544.83,0.524,12,True,5405.38,17181.6,1431.8,-548.5,0.2948,36,M,Em risco
26,estavel,4217.52,715.79,0.1697,12,True,3413.54,15330.72,1277.56,803.98,0.3029,40,M,Saudável
27,moderado,5866.91,1676.41,0.2857,12,True,7335.05,27854.16,2321.18,-1468.14,0.3956,52,F,Em risco
28,estavel,3953.26,294.57,0.0745,12,True,2896.27,17735.04,1477.92,1056.99,0.3738,59,M,Saudável
29,estavel,4533.1,442.59,0.0976,12,True,3091.74,11804.88,983.74,1441.36,0.217,44,F,Saudável
30,moderado,4356.76,1125.53,0.2583,12,True,2623.6,18000.48,1500.04,1733.16,0.3443,58,F,Saudável
31,moderado,3646.65,824.36,0.2261,12,True,4520.33,20783.16,1731.93,-873.68,0.4749,55,M,Em risco
32,alto,2992.57,1366.22,0.4565,12,True,2895.31,11206.92,933.91,97.26,0.3121,46,M,Em observação
33,estavel,10292.03,1247.27,0.1212,12,True,7820.48,21772.56,1814.38,2471.55,0.1763,50,F,Saudável
34,moderado,3100.69,672.96,0.217,12,True,3239.68,17804.52,1483.71,-138.99,0.4785,18,F,Em risco
35,moderado,2816.11,516.86,0.1835,12,True,2657.8,17678.04,1473.17,158.31,0.5231,53,F,Em observação
36,estavel,4619.59,273.83,0.0593,12,True,5422.95,29999.64,2499.97,-803.36,0.5412,35,M,Em risco
37,estavel,4256.02,475.38,0.1117,12,True,2304.17,20898.6,1741.55,1951.85,0.4092,40,M,Em observação
38,moderado,2019.49,444.59,0.2201,12,True,1559.52,11873.64,989.47,459.97,0.49,50,M,Em observação
39,estavel,6297.84,610.96,0.097,12,True,4639.91,20816.76,1734.73,1657.93,0.2754,19,F,Saudável
40,moderado,3642.29,923.33,0.2535,12,True,1692.71,7562.28,630.19,1949.58,0.173,48,M,Saudável
41,moderado,2305.0,463.9,0.2013,12,True,2330.03,13713.24,1142.77,-25.03,0.4958,45,F,Em risco
42,alto,6488.0,3164.93,0.4878,12,True,5004.38,17673.24,1472.77,1483.62,0.227,44,M,Em observação
43,moderado,5035.71,1203.24,0.2389,12,True,4799.7,34266.6,2855.55,236.01,0.5671,55,F,Em observação
44,estavel,2151.05,43.02,0.02,12,True,2677.54,15237.6,1269.8,-526.49,0.5903,35,M,Em risco
45,alto,8454.79,4414.37,0.5221,12,True,6395.34,35184.72,2932.06,2059.45,0.3468,52,M,Em observação
46,alto,5111.33,2172.12,0.425,12,True,3803.81,23874.72,1989.56,1307.52,0.3892,35,M,Em observação
47,moderado,3782.6,519.14,0.1372,12,True,3182.53,25909.32,2159.11,600.07,0.5708,24,M,Em observação
48,estavel,7772.56,215.67,0.0277,12,True,7754.72,41470.08,3455.84,17.84,0.4446,32,F,Em observação
49,moderado,4082.4,689.71,0.1689,12,True,2931.13,14176.44,1181.37,1151.27,0.2894,44,F,Saudável
50,estavel,3752.28,309.97,0.0826,12,True,2650.71,20558.04,1713.17,1101.57,0.4566,21,M,Em observação
51,estavel,2823.19,187.2,0.0663,12,True,2852.25,19342.8,1611.9,-29.06,0.5709,52,M,Em risco
52,estavel,4937.37,311.84,0.0632,12,True,4385.15,19567.56,1630.63,552.22,0.3303,22,M,Saudável
53,alto,4708.99,2264.95,0.481,12,True,2128.22,10746.12,895.51,2580.77,0.1902,50,F,Em observação
54,moderado,3825.19,906.55,0.237,12,True,2292.93,12362.76,1030.23,1532.26,0.2693,50,M,Saudável
55,moderado,2663.14,627.97,0.2358,12,True,2903.42,16524.12,1377.01,-240.28,0.5171,27,F,Em risco
56,alto,4028.8,1895.52,0.4705,12,True,3595.09,9340.44,778.37,433.71,0.1932,51,F,Em observação
57,moderado,3682.5,923.6,0.2508,12,True,2514.43,5691.48,474.29,1168.07,0.1288,40,M,Saudável
58,moderado,2085.35,238.99,0.1146,12,True,1646.02,5666.76,472.23,439.33,0.2265,53,F,Saudável
59,estavel,1959.49,121.05,0.0618,12,True,1611.45,5323.32,443.61,348.04,0.2264,29,M,Saudável
60,estavel,4900.42,98.01,0.02,12,True,4667.32,18114.36,1509.53,233.1,0.308,46,M,Saudável
61,moderado,1178.39,261.37,0.2218,12,True,678.18,4192.8,349.4,500.21,0.2965,26,F,Saudável
62,moderado,4168.0,915.99,0.2198,12,True,2786.85,13198.32,1099.86,1381.15,0.2639,32,M,Saudável
63,moderado,3064.44,834.38,0.2723,12,True,2663.4,14365.08,1197.09,401.04,0.3906,41,M,Saudável
64,alto,6846.33,3487.4,0.5094,12,True,5490.96,15573.72,1297.81,1355.37,0.1896,54,F,Em observação
65,moderado,3043.29,700.38,0.2301,12,True,2808.76,11822.16,985.18,234.53,0.3237,19,F,Saudável
66,moderado,5112.91,996.93,0.195,12,True,3061.04,18663.36,1555.28,2051.87,0.3042,44,M,Saudável
67,moderado,3178.44,776.36,0.2443,12,True,2810.64,17175.6,1431.3,367.8,0.4503,60,F,Em observação
68,estavel,3999.57,214.39,0.0536,12,True,4065.5,15187.8,1265.65,-65.93,0.3164,21,F,Em risco
69,estavel,5294.02,423.15,0.0799,12,True,4805.0,25615.44,2134.62,489.02,0.4032,31,F,Em observação
70,moderado,3085.92,831.06,0.2693,12,True,2607.73,23464.2,1955.35,478.19,0.6336,42,F,Em observação
71,estavel,5950.35,310.08,0.0521,12,True,4776.59,23922.72,1993.56,1173.76,0.335,20,M,Saudável
72,moderado,2429.87,632.46,0.2603,12,True,1627.35,6171.36,514.28,802.52,0.2116,44,F,Saudável
73,alto,4338.67,2099.35,0.4839,12,True,3501.48,16552.32,1379.36,837.19,0.3179,56,F,Em observação
74,estavel,5755.69,185.68,0.0323,12,True,6024.75,31364.4,2613.7,-269.06,0.4541,52,F,Em risco
75,estavel,5114.18,658.17,0.1287,12,True,4084.06,19472.4,1622.7,1030.12,0.3173,21,F,Saudável
76,estavel,9001.59,1034.54,0.1149,12,True,5939.57,29600.16,2466.68,3062.02,0.274,39,F,Saudável
77,estavel,2695.15,229.35,0.0851,12,True,1971.22,4813.32,401.11,723.93,0.1488,32,F,Saudável
78,moderado,2042.93,371.58,0.1819,12,True,1749.06,5784.6,482.05,293.87,0.236,46,M,Saudável
79,moderado,2429.17,430.06,0.177,12,True,1828.6,8724.6,727.05,600.57,0.2993,59,F,Saudável
80,alto,5115.12,2164.29,0.4231,12,True,4641.23,22011.12,1834.26,473.89,0.3586,47,M,Em observação
81,moderado,4754.38,1174.95,0.2471,12,True,4346.04,17474.76,1456.23,408.34,0.3063,21,F,Saudável
82,moderado,3978.94,685.25,0.1722,12,True,3899.43,18410.64,1534.22,79.51,0.3856,59,M,Saudável
83,alto,2292.56,1081.8,0.4719,12,True,2467.35,12706.44,1058.87,-174.79,0.4619,32,M,Em risco
84,estavel,5366.05,107.32,0.02,12,True,5362.05,35609.04,2967.42,4.0,0.553,18,F,Em observação
85,estavel,2189.96,152.85,0.0698,12,True,1427.5,6939.72,578.31,762.46,0.2641,55,F,Saudável
86,estavel,6401.47,547.21,0.0855,12,True,4208.09,24231.84,2019.32,2193.38,0.3154,57,M,Saudável
87,moderado,13747.38,4705.13,0.3423,12,True,11085.35,45063.24,3755.27,2662.03,0.2732,34,M,Saudável
88,moderado,4481.26,677.27,0.1511,12,True,3310.7,20095.2,1674.6,1170.56,0.3737,20,F,Saudável
89,estavel,4940.17,758.81,0.1536,12,True,3038.7,17370.12,1447.51,1901.47,0.293,28,F,Saudável
90,moderado,3044.13,692.52,0.2275,12,True,2254.16,14874.0,1239.5,789.97,0.4072,30,F,Em observação
91,estavel,1682.71,169.21,0.1006,12,True,1236.1,7817.4,651.45,446.61,0.3871,18,F,Saudável
92,moderado,2897.29,654.55,0.2259,12,True,2025.4,12354.36,1029.53,871.89,0.3553,19,F,Saudável
93,moderado,2323.79,562.91,0.2422,12,True,1773.42,8623.92,718.66,550.37,0.3093,53,F,Saudável
94,moderado,1981.49,420.7,0.2123,12,True,2045.14,11209.2,934.1,-63.65,0.4714,18,M,Em risco
95,estavel,8248.76,1259.61,0.1527,12,True,7059.81,49096.2,4091.35,1188.95,0.496,43,F,Em observação
96,moderado,4296.45,847.16,0.1972,12,True,5434.69,21012.0,1751.0,-1138.24,0.4075,31,M,Em risco
97,moderado,4508.03,1246.97,0.2766,12,True,3834.94,14990.28,1249.19,673.09,0.2771,55,F,Saudável
98,estavel,3306.67,158.0,0.0478,12,True,2538.82,13624.8,1135.4,767.85,0.3434,30,F,Saudável
99,estavel,3515.6,270.66,0.077,12,True,2885.41,16699.32,1391.61,630.19,0.3958,44,M,Saudável
100,alto,5865.27,2325.0,0.3964,12,True,5080.31,18068.64,1505.72,784.96,0.2567,54,M,Saudável
101,alto,3745.1,1770.5,0.4728,12,True,3364.39,16503.72,1375.31,380.71,0.3672,44,M,Em observação
102,moderado,4825.01,1410.14,0.2923,12,True,5760.14,28056.48,2338.04,-935.13,0.4846,40,F,Em risco
103,estavel,3479.19,264.88,0.0761,12,True,2323.55,2788.32,232.36,1155.64,0.0668,35,M,Saudável
104,alto,3257.74,1433.91,0.4402,12,True,3175.09,14747.4,1228.95,82.65,0.3772,32,M,Em observação
105,alto,2017.56,795.46,0.3943,12,True,1729.85,8228.64,685.72,287.71,0.3399,26,M,Saudável
106,moderado,1560.51,325.42,0.2085,12,True,838.31,3983.16,331.93,722.2,0.2127,57,F,Saudável
107,moderado,3378.05,474.14,0.1404,12,True,3238.62,24576.72,2048.06,139.43,0.6063,41,M,Em observação
108,estavel,3897.85,133.91,0.0344,12,True,4085.62,11650.44,970.87,-187.77,0.2491,28,F,Em risco
109,estavel,2130.26,194.58,0.0913,12,True,1418.13,5042.4,420.2,712.13,0.1973,54,F,Saudável
110,alto,3741.5,1930.43,0.516,12,True,3062.01,3674.4,306.2,679.49,0.0818,51,M,Em observação
111,moderado,3893.04,1403.29,0.3605,12,True,1983.26,8278.8,689.9,1909.78,0.1772,41,M,Saudável
112,estavel,1440.22,72.98,0.0507,12,True,854.65,3698.76,308.23,585.57,0.214,31,M,Saudável
113,estavel,2517.32,382.04,0.1518,12,True,2539.08,10466.16,872.18,-21.76,0.3465,56,M,Em risco
114,moderado,4564.32,1059.78,0.2322,12,True,3359.55,23630.52,1969.21,1204.77,0.4314,26,M,Em observação
115,estavel,4523.01,327.64,0.0724,12,True,2806.15,18490.08,1540.84,1716.86,0.3407,48,M,Saudável
116,alto,2261.09,1066.4,0.4716,12,True,1947.48,10088.28,840.69,313.61,0.3718,30,M,Em observação
117,alto,4080.84,1849.01,0.4531,12,True,2962.55,12954.96,1079.58,1118.29,0.2645,44,M,Em observação
118,moderado,6019.98,1357.62,0.2255,12,True,4426.2,30483.84,2540.32,1593.78,0.422,26,M,Em observação
119,moderado,5390.75,1075.9,0.1996,12,True,5137.81,25711.8,2142.65,252.94,0.3975,39,F,Saudável
120,moderado,3640.51,546.42,0.1501,12,True,2223.94,7933.08,661.09,1416.57,0.1816,18,F,Saudável
121,moderado,3078.41,439.65,0.1428,12,True,2022.62,3945.6,328.8,1055.79,0.1068,44,M,Saudável
122,moderado,2862.79,723.32,0.2527,12,True,2426.89,10303.68,858.64,435.9,0.2999,22,F,Saudável
123,estavel,4690.41,310.34,0.0662,12,True,4664.58,29845.68,2487.14,25.83,0.5303,27,M,Em observação
124,moderado,4148.71,789.07,0.1902,12,True,4326.56,39535.08,3294.59,-177.85,0.7941,32,F,Em risco
125,estavel,5044.17,405.68,0.0804,12,True,3532.38,18194.88,1516.24,1511.79,0.3006,22,M,Saudável
126,moderado,4032.33,1047.38,0.2597,12,True,3986.88,14601.36,1216.78,45.45,0.3018,42,F,Saudável
127,estavel,5492.84,488.96,0.089,12,True,3728.84,10839.96,903.33,1764.0,0.1645,55,F,Saudável
128,estavel,3965.25,187.15,0.0472,12,True,4554.95,27482.4,2290.2,-589.7,0.5776,56,M,Em risco
129,estavel,5409.25,764.41,0.1413,12,True,3331.67,6209.16,517.43,2077.58,0.0957,20,F,Saudável
130,moderado,5623.03,1681.06,0.299,12,True,5955.5,35915.4,2992.95,-332.47,0.5323,55,M,Em risco
131,estavel,2645.78,277.09,0.1047,12,True,1856.89,12091.8,1007.65,788.89,0.3809,31,F,Saudável
132,alto,1684.28,839.92,0.4987,12,True,1991.47,11600.88,966.74,-307.19,0.574,27,M,Em risco
133,moderado,7610.83,2147.0,0.2821,12,True,7050.96,32748.96,2729.08,559.87,0.3586,31,M,Saudável
134,estavel,4265.24,582.23,0.1365,12,True,2717.46,16459.32,1371.61,1547.78,0.3216,51,F,Saudável
135,moderado,1756.78,440.43,0.2507,12,True,1275.42,6820.56,568.38,481.36,0.3235,18,M,Saudável
136,estavel,2756.01,302.93,0.1099,12,True,2647.46,9635.16,802.93,108.55,0.2913,23,M,Saudável
137,alto,5378.15,2559.91,0.476,12,True,5429.11,45445.68,3787.14,-50.96,0.7042,59,M,Em risco
138,moderado,3350.62,553.3,0.1651,12,True,2704.86,11920.2,993.35,645.76,0.2965,49,F,Saudável
139,alto,3017.94,1463.81,0.485,12,True,2498.97,16084.2,1340.35,518.97,0.4441,43,M,Em observação
140,estavel,7137.75,142.76,0.02,12,True,6827.28,8192.76,682.73,310.47,0.0957,18,F,Saudável
141,moderado,2371.97,427.6,0.1803,12,True,2001.29,14684.76,1223.73,370.68,0.5159,45,F,Em observação
142,moderado,2653.37,756.68,0.2852,12,True,1557.98,11971.2,997.6,1095.39,0.376,45,F,Saudável
143,alto,4179.22,2056.22,0.492,12,True,2815.39,14340.72,1195.06,1363.83,0.286,36,M,Em observação
144,moderado,4529.93,1333.48,0.2944,12,True,3906.26,23616.36,1968.03,623.67,0.4345,52,M,Em observação
145,moderado,4751.0,980.68,0.2064,12,True,4935.28,29835.36,2486.28,-184.28,0.5233,59,F,Em risco
146,estavel,5726.23,128.2,0.0224,12,True,6361.14,24700.2,2058.35,-634.91,0.3595,40,M,Em risco
147,estavel,4155.2,282.46,0.068,12,True,3990.3,24040.8,2003.4,164.9,0.4821,23,F,Em observação
148,moderado,4736.15,1066.11,0.2251,12,True,4128.56,14798.64,1233.22,607.59,0.2604,32,F,Saudável
149,moderado,3381.63,757.31,0.2239,12,True,3228.73,12734.88,1061.24,152.9,0.3138,42,F,Saudável
150,estavel,3908.74,534.26,0.1367,12,True,2736.06,19339.8,1611.65,1172.68,0.4123,29,F,Em observação
151,alto,3988.41,1722.74,0.4319,12,True,3160.49,21473.64,1789.47,827.92,0.4487,41,M,Em observação
152,alto,4186.21,1957.48,0.4676,12,True,2811.7,10596.0,883.0,1374.51,0.2109,44,M,Em observação
153,estavel,5379.76,164.45,0.0306,12,True,3202.17,11910.72,992.56,2177.59,0.1845,41,M,Saudável
154,moderado,4878.4,1183.09,0.2425,12,True,4293.18,16648.68,1387.39,585.22,0.2844,42,M,Saudável
155,estavel,3876.37,310.71,0.0802,12,True,3308.06,21035.16,1752.93,568.31,0.4522,51,F,Em observação
156,moderado,2640.3,481.88,0.1825,12,True,2491.86,8073.72,672.81,148.44,0.2548,27,F,Saudável
157,estavel,3917.5,267.21,0.0682,12,True,3597.44,20440.92,1703.41,320.06,0.4348,39,M,Em observação
158,moderado,3752.39,790.97,0.2108,12,True,3240.85,20690.64,1724.22,511.54,0.4595,54,F,Em observação
159,moderado,4145.12,855.94,0.2065,12,True,3814.3,18618.24,1551.52,330.82,0.3743,42,F,Saudável
160,alto,10256.76,5523.95,0.5386,12,True,8331.74,57140.04,4761.67,1925.02,0.4642,41,F,Em observação
161,estavel,3002.07,225.39,0.0751,12,True,2684.81,12060.84,1005.07,317.26,0.3348,26,F,Saudável
162,alto,4595.29,2011.84,0.4378,12,True,3167.51,14745.0,1228.75,1427.78,0.2674,54,F,Em observação
163,estavel,6146.05,122.92,0.02,12,True,5448.76,17877.12,1489.76,697.29,0.2424,37,M,Saudável
164,estavel,3971.33,140.15,0.0353,12,True,3734.3,25658.04,2138.17,237.03,0.5384,22,M,Em observação
165,moderado,10881.14,2250.72,0.2068,12,True,7610.89,27857.88,2321.49,3270.25,0.2133,39,F,Saudável
166,moderado,3205.55,595.29,0.1857,12,True,2658.46,15072.36,1256.03,547.09,0.3918,47,F,Saudável
167,alto,4396.64,2282.23,0.5191,12,True,3111.73,15283.68,1273.64,1284.91,0.2897,44,F,Em observação
168,alto,2652.6,1171.79,0.4418,12,True,1923.74,6050.16,504.18,728.86,0.1901,38,F,Em observação
169,estavel,3244.03,468.51,0.1444,12,True,2003.23,7899.96,658.33,1240.8,0.2029,58,M,Saudável
170,alto,4250.43,1925.81,0.4531,12,True,4453.77,33533.16,2794.43,-203.34,0.6574,41,M,Em risco
171,estavel,5561.33,455.26,0.0819,12,True,5627.08,30403.08,2533.59,-65.75,0.4556,46,F,Em risco
172,moderado,4386.77,945.61,0.2156,12,True,4021.52,12963.48,1080.29,365.25,0.2463,38,F,Saudável
173,estavel,6696.62,537.0,0.0802,12,True,7868.5,43981.68,3665.14,-1171.88,0.5473,19,F,Em risco
174,alto,3641.03,1951.37,0.5359,12,True,2861.62,13669.92,1139.16,779.41,0.3129,52,F,Em observação
175,estavel,3272.41,65.45,0.02,12,True,4469.19,45585.72,3798.81,-1196.78,1.1609,27,M,Em risco
176,estavel,12830.11,256.6,0.02,12,True,9995.23,55505.76,4625.48,2834.88,0.3605,49,F,Saudável
177,moderado,4537.64,875.05,0.1928,12,True,3929.3,17111.64,1425.97,608.34,0.3143,58,M,Saudável
178,alto,2748.99,1239.04,0.4507,12,True,2057.34,15627.6,1302.3,691.65,0.4737,25,M,Em observação
179,alto,2780.37,1347.1,0.4845,12,True,2466.24,4257.12,354.76,314.13,0.1276,52,F,Em observação
180,moderado,2486.3,605.8,0.2437,12,True,2412.73,12569.76,1047.48,73.57,0.4213,53,F,Em observação
181,alto,5791.88,2495.07,0.4308,12,True,4630.58,39961.8,3330.15,1161.3,0.575,35,F,Em observação
182,alto,3225.32,1615.73,0.501,12,True,3676.25,17759.4,1479.95,-450.93,0.4589,35,M,Em risco
183,moderado,4024.15,1092.6,0.2715,12,True,3473.03,6668.4,555.7,551.12,0.1381,49,M,Saudável
184,estavel,3692.94,329.42,0.0892,12,True,3208.01,13882.2,1156.85,484.93,0.3133,51,M,Saudável
185,alto,5281.3,2630.79,0.4981,12,True,3466.54,26547.24,2212.27,1814.76,0.4189,23,F,Em observação
186,moderado,2595.99,606.51,0.2336,12,True,2324.27,13287.72,1107.31,271.72,0.4265,37,F,Em observação
187,moderado,2341.97,449.48,0.1919,12,True,1863.92,6579.72,548.31,478.05,0.2341,30,M,Saudável
188,estavel,4203.57,482.95,0.1149,12,True,2986.71,11369.04,947.42,1216.86,0.2254,36,M,Saudável
189,moderado,4980.01,1123.14,0.2255,12,True,3387.58,13660.56,1138.38,1592.43,0.2286,37,M,Saudável
190,estavel,4413.38,353.37,0.0801,12,True,5741.44,32669.64,2722.47,-1328.06,0.6169,39,F,Em risco
191,alto,2639.92,1382.39,0.5236,12,True,2039.53,15192.0,1266.0,600.39,0.4796,40,M,Em observação
192,estavel,5154.5,103.09,0.02,12,True,2874.88,19935.48,1661.29,2279.62,0.3223,22,F,Saudável
193,estavel,2719.0,54.38,0.02,12,True,1887.86,11064.36,922.03,831.14,0.3391,57,F,Saudável
194,alto,3005.09,1173.93,0.3906,12,True,2436.28,6439.2,536.6,568.81,0.1786,47,M,Saudável
195,estavel,2484.87,153.66,0.0618,12,True,2282.1,6046.92,503.91,202.77,0.2028,44,F,Saudável
196,estavel,6824.52,459.08,0.0673,12,True,6277.63,37664.88,3138.74,546.89,0.4599,50,M,Em observação
197,moderado,5053.3,730.88,0.1446,12,True,4759.15,12460.2,1038.35,294.15,0.2055,41,M,Saudável
198,alto,4989.06,1999.33,0.4007,12,True,3511.92,16274.16,1356.18,1477.14,0.2718,46,F,Em observação
199,estavel,6660.84,246.17,0.037,12,True,5870.06,32798.76,2733.23,790.78,0.4103,20,F,Em observação
200,estavel,13473.07,2733.3,0.2029,12,True,8923.34,26701.56,2225.13,4549.73,0.1652,29,M,Saudável
201,alto,1760.94,951.06,0.5401,12,True,1247.56,3987.6,332.3,513.38,0.1887,34,F,Em observação
202,alto,2725.72,1170.46,0.4294,12,True,1784.84,8693.16,724.43,940.88,0.2658,46,M,Em observação
203,moderado,2879.8,581.2,0.2018,12,True,1745.42,10379.28,864.94,1134.38,0.3003,31,M,Saudável
204,estavel,2591.23,58.41,0.0225,12,True,2621.18,18219.12,1518.26,-29.95,0.5859,33,M,Em risco
205,estavel,2339.85,46.8,0.02,12,True,2208.7,13545.24,1128.77,131.15,0.4824,22,F,Em observação
206,estavel,3320.64,246.25,0.0742,12,True,3306.69,17104.08,1425.34,13.95,0.4292,26,F,Em observação
207,estavel,2197.96,66.17,0.0301,12,True,1817.88,6720.48,560.04,380.08,0.2548,19,F,Saudável
208,moderado,4418.37,953.3,0.2158,12,True,4240.86,13199.16,1099.93,177.51,0.2489,37,F,Saudável
209,estavel,3889.44,77.79,0.02,12,True,1956.26,8060.64,671.72,1933.18,0.1727,26,M,Saudável
210,moderado,4718.37,858.28,0.1819,12,True,4602.09,26590.32,2215.86,116.28,0.4696,41,M,Em observação
211,moderado,4775.41,1086.08,0.2274,12,True,4068.08,22968.12,1914.01,707.33,0.4008,60,M,Em observação
212,moderado,4984.6,1187.88,0.2383,12,True,4650.03,5859.84,488.32,334.57,0.098,18,M,Saudável
213,estavel,3212.24,324.03,0.1009,12,True,2853.77,10347.12,862.26,358.47,0.2684,24,F,Saudável
214,alto,9870.16,3789.9,0.384,12,True,6339.9,45698.76,3808.23,3530.26,0.3858,28,F,Saudável
215,moderado,4222.79,1109.47,0.2627,12,True,2324.02,12044.4,1003.7,1898.77,0.2377,50,F,Saudável
216,moderado,1643.59,295.83,0.18,12,True,1137.09,2830.68,235.89,506.5,0.1435,45,F,Saudável
217,estavel,2420.4,270.22,0.1116,12,True,2230.85,20703.36,1725.28,189.55,0.7128,36,M,Em risco
218,estavel,1736.33,137.98,0.0795,12,True,1639.47,8177.52,681.46,96.86,0.3925,42,F,Saudável
219,alto,3829.76,1459.83,0.3812,12,True,2197.4,12595.08,1049.59,1632.36,0.2741,32,M,Saudável
220,moderado,3597.32,734.54,0.2042,12,True,2314.52,13329.6,1110.8,1282.8,0.3088,31,F,Saudável
221,estavel,3077.78,302.45,0.0983,12,True,2123.11,9295.68,774.64,954.67,0.2517,34,M,Saudável
222,moderado,9392.56,2354.23,0.2506,12,True,7097.82,26477.52,2206.46,2294.74,0.2349,29,F,Saudável
223,moderado,4864.89,1035.98,0.213,12,True,2796.49,24774.12,2064.51,2068.4,0.4244,37,F,Em observação
224,alto,5268.5,2774.33,0.5266,12,True,2971.6,20342.88,1695.24,2296.9,0.3218,60,F,Em observação
225,estavel,2499.32,325.85,0.1304,12,True,1679.72,10950.96,912.58,819.6,0.3651,32,M,Saudável
226,alto,2423.92,1059.66,0.4372,12,True,2025.25,12308.04,1025.67,398.67,0.4231,56,M,Em observação
227,estavel,3863.46,453.98,0.1175,12,True,2347.02,7590.36,632.53,1516.44,0.1637,40,F,Saudável
228,moderado,4107.66,1300.85,0.3167,12,True,3282.66,24093.24,2007.77,825.0,0.4888,30,F,Em observação
229,moderado,1648.16,524.15,0.318,12,True,1665.53,5866.56,488.88,-17.37,0.2966,49,M,Em risco
230,estavel,3503.85,70.08,0.02,12,True,2052.13,11389.2,949.1,1451.72,0.2709,39,F,Saudável
231,estavel,3824.14,128.77,0.0337,12,True,2993.69,6254.16,521.18,830.45,0.1363,34,M,Saudável
232,moderado,3449.34,1014.95,0.2942,12,True,3464.71,4734.36,394.53,-15.37,0.1144,24,F,Em risco
233,alto,2635.24,1046.42,0.3971,12,True,1962.49,11015.28,917.94,672.75,0.3483,43,M,Saudável
234,moderado,2980.86,458.67,0.1539,12,True,2136.5,7656.36,638.03,844.36,0.214,39,F,Saudável
235,alto,3509.29,1493.87,0.4257,12,True,3612.57,5272.56,439.38,-103.28,0.1252,46,M,Em risco
236,alto,3958.48,1864.49,0.471,12,True,3027.78,18206.28,1517.19,930.7,0.3833,35,M,Em observação
237,moderado,4988.61,1071.95,0.2149,12,True,5082.44,45010.8,3750.9,-93.83,0.7519,27,M,Em risco
238,alto,6180.42,2580.15,0.4175,12,True,5545.16,41817.24,3484.77,635.26,0.5638,34,M,Em observação
239,estavel,3328.58,154.08,0.0463,12,True,2524.02,11552.04,962.67,804.56,0.2892,26,M,Saudável
240,estavel,3094.82,137.36,0.0444,12,True,2804.97,14181.72,1181.81,289.85,0.3819,44,F,Saudável
241,alto,4627.17,1878.74,0.406,12,True,4061.18,26957.64,2246.47,565.99,0.4855,40,F,Em observação
242,alto,5002.22,2821.66,0.5641,12,True,5021.02,35447.52,2953.96,-18.8,0.5905,21,M,Em risco
243,estavel,3125.55,296.54,0.0949,12,True,2254.45,9968.4,830.7,871.1,0.2658,34,F,Saudável
244,moderado,5423.16,1433.55,0.2643,12,True,4487.22,22891.68,1907.64,935.94,0.3518,33,M,Saudável
245,moderado,5905.09,1154.72,0.1955,12,True,4776.79,26659.8,2221.65,1128.3,0.3762,28,M,Saudável
246,alto,6795.5,2994.79,0.4407,12,True,6433.62,38839.56,3236.63,361.88,0.4763,41,M,Em observação
247,moderado,8459.12,1559.2,0.1843,12,True,5375.5,25804.92,2150.41,3083.62,0.2542,29,F,Saudável
248,moderado,2573.11,224.93,0.0874,12,True,2580.97,12450.24,1037.52,-7.86,0.4032,37,F,Em risco
249,moderado,3823.84,577.78,0.1511,12,True,3456.52,26005.8,2167.15,367.32,0.5667,46,F,Em observação
250,moderado,3819.33,494.49,0.1295,12,True,2226.49,16068.84,1339.07,1592.84,0.3506,37,M,Saudável
251,moderado,3635.94,390.9,0.1075,12,True,3772.24,22253.76,1854.48,-136.3,0.51,46,F,Em risco
252,alto,2837.24,1107.18,0.3902,12,True,3467.5,28206.0,2350.5,-630.26,0.8284,53,M,Em risco
253,moderado,1947.41,557.44,0.2862,12,True,1948.05,8463.12,705.26,-0.64,0.3622,24,F,Em risco
254,estavel,3961.83,308.14,0.0778,12,True,4266.33,33965.76,2830.48,-304.5,0.7144,54,M,Em risco
255,estavel,2689.19,388.66,0.1445,12,True,2246.46,13515.84,1126.32,442.73,0.4188,41,F,Em observação
256,moderado,3949.93,950.15,0.2405,12,True,2057.63,20987.88,1748.99,1892.3,0.4428,43,M,Em observação
257,alto,2658.29,1300.24,0.4891,12,True,1297.4,3754.08,312.84,1360.89,0.1177,20,M,Em observação
258,estavel,2316.73,80.98,0.035,12,True,2006.09,7621.44,635.12,310.64,0.2741,17,F,Saudável
259,estavel,4222.53,448.42,0.1062,12,True,3012.54,17454.12,1454.51,1209.99,0.3445,25,F,Saudável
260,moderado,4067.04,1042.93,0.2564,12,True,2665.44,15339.72,1278.31,1401.6,0.3143,39,F,Saudável
261,estavel,4931.67,252.34,0.0512,12,True,3988.27,34100.76,2841.73,943.4,0.5762,57,F,Em observação
262,alto,10161.84,4857.13,0.478,12,True,9458.7,36292.32,3024.36,703.14,0.2976,55,F,Em observação
263,estavel,4305.02,466.27,0.1083,12,True,2404.37,16034.4,1336.2,1900.65,0.3104,41,M,Saudável
264,estavel,4726.99,248.27,0.0525,12,True,3494.2,24922.2,2076.85,1232.79,0.4394,39,F,Em observação
265,alto,2339.88,921.59,0.3939,12,True,2554.63,16115.52,1342.96,-214.75,0.5739,40,M,Em risco
266,estavel,2129.51,44.28,0.0208,12,True,1334.03,4415.88,367.99,795.48,0.1728,21,M,Saudável
267,estavel,7746.76,653.25,0.0843,12,True,7565.15,57298.2,4774.85,181.61,0.6164,40,M,Em observação
268,estavel,2507.87,241.63,0.0964,12,True,1837.64,13328.04,1110.67,670.23,0.4429,45,F,Em observação
269,estavel,2375.54,95.91,0.0404,12,True,2181.32,13348.08,1112.34,194.22,0.4682,48,F,Em observação
270,estavel,3733.73,303.66,0.0813,12,True,3799.14,20545.08,1712.09,-65.41,0.4585,55,M,Em risco
271,estavel,3648.86,396.0,0.1085,12,True,3478.94,18949.8,1579.15,169.92,0.4328,23,M,Em observação
272,estavel,2531.65,280.78,0.1109,12,True,2490.25,12197.88,1016.49,41.4,0.4015,35,F,Em observação
273,estavel,3312.7,522.06,0.1576,12,True,2029.73,12570.96,1047.58,1282.97,0.3162,49,F,Saudável
274,moderado,6607.6,1875.56,0.2838,12,True,6742.78,34361.52,2863.46,-135.18,0.4334,22,F,Em risco
275,moderado,2644.03,449.31,0.1699,12,True,1762.29,6190.32,515.86,881.74,0.1951,48,F,Saudável
276,moderado,2029.62,617.37,0.3042,12,True,1759.11,5545.68,462.14,270.51,0.2277,20,F,Saudável
277,estavel,5807.6,310.42,0.0535,12,True,5032.19,18550.32,1545.86,775.41,0.2662,36,F,Saudável
278,moderado,4742.36,1291.08,0.2722,12,True,4302.85,23406.84,1950.57,439.51,0.4113,57,F,Em observação
279,alto,2874.18,1303.15,0.4534,12,True,2531.15,12634.2,1052.85,343.03,0.3663,47,F,Em observação
280,alto,1864.56,800.63,0.4294,12,True,1245.74,6761.4,563.45,618.82,0.3022,39,M,Em observação
281,estavel,2718.07,54.36,0.02,12,True,1568.39,9318.48,776.54,1149.68,0.2857,41,M,Saudável
282,estavel,3707.6,264.8,0.0714,12,True,3622.41,14166.6,1180.55,85.19,0.3184,22,F,Saudável
283,estavel,6420.87,128.42,0.02,12,True,5479.89,42075.6,3506.3,940.98,0.5461,60,M,Em observação
284,estavel,2383.43,305.95,0.1284,12,True,2447.52,11156.04,929.67,-64.09,0.3901,28,M,Em risco
285,moderado,3658.18,1082.23,0.2958,12,True,2970.25,12652.8,1054.4,687.93,0.2882,45,M,Saudável
286,moderado,5149.07,927.63,0.1802,12,True,2919.89,17251.56,1437.63,2229.18,0.2792,52,F,Saudável
287,estavel,1301.39,123.76,0.0951,12,True,1293.46,2243.28,186.94,7.93,0.1436,57,M,Saudável
288,moderado,6050.89,1111.73,0.1837,12,True,4558.34,16487.64,1373.97,1492.55,0.2271,48,M,Saudável
289,moderado,2232.0,420.9,0.1886,12,True,1967.64,13391.64,1115.97,264.36,0.5,38,F,Em observação
290,estavel,4412.31,523.85,0.1187,12,True,3103.87,5936.64,494.72,1308.44,0.1121,60,M,Saudável
291,alto,4246.13,1902.58,0.4481,12,True,4738.57,33414.6,2784.55,-492.44,0.6558,32,F,Em risco
292,estavel,6190.8,1033.75,0.167,12,True,4099.66,31813.56,2651.13,2091.14,0.4282,21,M,Em observação
293,alto,4869.14,2073.71,0.4259,12,True,3696.96,16174.08,1347.84,1172.18,0.2768,36,M,Em observação
294,estavel,1303.72,169.44,0.13,12,True,1094.27,6089.88,507.49,209.45,0.3893,48,F,Saudável
295,alto,2669.39,1214.23,0.4549,12,True,1664.12,11739.24,978.27,1005.27,0.3665,35,M,Em observação
296,alto,4043.83,1980.62,0.4898,12,True,3556.52,14936.64,1244.72,487.31,0.3078,34,F,Em observação
297,alto,3480.79,1488.53,0.4276,12,True,3864.18,25511.28,2125.94,-383.39,0.6108,46,F,Em risco
298,alto,4711.12,2108.33,0.4475,12,True,3447.21,13209.48,1100.79,1263.91,0.2337,37,F,Em observação
299,alto,5420.65,2407.99,0.4442,12,True,4830.48,20192.88,1682.74,590.17,0.3104,48,M,Em observação
300,moderado,4996.83,890.42,0.1782,12,True,1624.48,5850.12,487.51,3372.35,0.0976,19,M,Saudável
301,alto,3450.7,1667.05,0.4831,12,True,2805.39,15869.4,1322.45,645.31,0.3832,59,M,Em observação
302,estavel,1655.58,186.27,0.1125,12,True,1264.29,9007.2,750.6,391.29,0.4534,39,F,Em observação
303,moderado,3095.76,772.94,0.2497,12,True,2082.43,9805.32,817.11,1013.33,0.2639,29,M,Saudável
304,moderado,4583.06,1360.47,0.2968,12,True,4650.25,12796.32,1066.36,-67.19,0.2327,51,M,Em risco
305,alto,2326.35,1215.44,0.5225,12,True,1770.99,5474.4,456.2,555.36,0.1961,20,M,Em observação
306,moderado,5048.42,1016.01,0.2013,12,True,3978.43,22877.04,1906.42,1069.99,0.3776,36,F,Saudável
307,moderado,5718.91,1364.83,0.2387,12,True,4301.22,35955.6,2996.3,1417.69,0.5239,40,M,Em observação
308,moderado,4023.25,759.67,0.1888,12,True,1910.94,10985.4,915.45,2112.31,0.2275,47,F,Saudável
309,estavel,957.24,77.7,0.0812,12,True,589.89,2562.24,213.52,367.35,0.2231,36,M,Saudável
310,estavel,2137.98,106.93,0.05,12,True,2123.01,13627.92,1135.66,14.97,0.5312,60,F,Em observação
311,moderado,8879.86,2672.87,0.301,12,True,3908.99,18016.2,1501.35,4970.87,0.1691,54,F,Saudável
312,moderado,2971.48,707.76,0.2382,12,True,2026.74,8834.76,736.23,944.74,0.2478,43,F,Saudável
313,estavel,1556.03,107.52,0.0691,12,True,1163.99,3858.36,321.53,392.04,0.2066,36,M,Saudável
314,moderado,6625.08,1852.91,0.2797,12,True,7511.86,56903.88,4741.99,-886.78,0.7158,41,F,Em risco
315,moderado,3822.91,426.14,0.1115,12,True,3663.68,4396.44,366.37,159.23,0.0958,22,F,Saudável
316,estavel,6247.77,124.96,0.02,12,True,4496.58,29120.52,2426.71,1751.19,0.3884,55,M,Saudável
317,moderado,4304.38,1118.24,0.2598,12,True,4540.31,19093.2,1591.1,-235.93,0.3696,53,F,Em risco
318,moderado,4670.9,1041.72,0.223,12,True,3207.54,13796.88,1149.74,1463.36,0.2461,44,F,Saudável
319,estavel,4474.32,413.97,0.0925,12,True,4481.65,36239.4,3019.95,-7.33,0.675,33,F,Em risco
320,alto,5201.1,1995.56,0.3837,12,True,2992.72,11236.32,936.36,2208.38,0.18,57,M,Saudável
321,alto,10589.31,4752.89,0.4488,12,True,10728.94,40940.28,3411.69,-139.63,0.3222,38,M,Em risco
322,moderado,5882.34,1883.38,0.3202,12,True,4393.5,21112.08,1759.34,1488.84,0.2991,59,M,Saudável
323,estavel,1866.1,226.19,0.1212,12,True,1184.73,6853.56,571.13,681.37,0.3061,23,M,Saudável
324,moderado,4645.96,1061.53,0.2285,12,True,3628.1,15400.08,1283.34,1017.86,0.2762,25,M,Saudável
325,alto,6351.35,2718.68,0.428,12,True,5525.18,12194.4,1016.2,826.17,0.16,22,M,Em observação
326,moderado,6528.76,1307.52,0.2003,12,True,4772.17,16615.44,1384.62,1756.59,0.2121,49,M,Saudável
327,alto,3136.25,1077.43,0.3435,12,True,2884.45,21190.32,1765.86,251.8,0.563,40,M,Em observação
328,moderado,6418.77,1494.82,0.2329,12,True,4589.81,23750.4,1979.2,1828.96,0.3083,59,F,Saudável
329,moderado,5768.92,1513.04,0.2623,12,True,5374.71,31452.6,2621.05,394.21,0.4543,35,F,Em observação
330,estavel,12093.09,241.86,0.02,12,True,10878.94,49710.72,4142.56,1214.15,0.3426,30,F,Saudável
331,moderado,2711.5,506.86,0.1869,12,True,2193.7,8452.08,704.34,517.8,0.2598,22,F,Saudável
332,estavel,3024.27,66.92,0.0221,12,True,2239.63,18050.52,1504.21,784.64,0.4974,48,F,Em observação
333,moderado,3310.99,568.6,0.1717,12,True,2805.33,13188.6,1099.05,505.66,0.3319,34,F,Saudável
334,alto,3047.74,1379.63,0.4527,12,True,2801.01,11881.68,990.14,246.73,0.3249,23,M,Em observação
335,estavel,2545.92,50.92,0.02,12,True,3032.51,21267.12,1772.26,-486.59,0.6961,22,M,Em risco
336,moderado,1096.14,274.82,0.2507,12,True,1084.19,4054.56,337.88,11.95,0.3082,25,F,Saudável
337,estavel,3124.85,367.77,0.1177,12,True,3111.34,12350.4,1029.2,13.51,0.3294,30,M,Saudável
338,moderado,4487.13,930.83,0.2074,12,True,6173.99,31230.84,2602.57,-1686.86,0.58,18,F,Em risco
339,estavel,3043.63,60.87,0.02,12,True,2778.45,14004.72,1167.06,265.18,0.3834,58,F,Saudável
340,alto,9078.62,3633.07,0.4002,12,True,8236.45,45360.6,3780.05,842.17,0.4164,37,F,Em observação
341,estavel,3822.94,541.5,0.1416,12,True,3619.26,31867.56,2655.63,203.68,0.6947,54,F,Em observação
342,alto,6793.49,2113.46,0.3111,12,True,4336.87,24482.76,2040.23,2456.62,0.3003,37,M,Saudável
343,alto,4274.39,1849.2,0.4326,12,True,3163.47,3796.2,316.35,1110.92,0.074,45,F,Em observação
344,moderado,5511.76,887.39,0.161,12,True,4017.46,22607.64,1883.97,1494.3,0.3418,58,M,Saudável
345,alto,4308.8,2112.3,0.4902,12,True,4035.5,20614.08,1717.84,273.3,0.3987,41,F,Em observação
346,alto,7035.4,2928.45,0.4162,12,True,5548.46,28398.24,2366.52,1486.94,0.3364,56,M,Em observação
347,alto,3896.87,1832.3,0.4702,12,True,3292.39,18051.24,1504.27,604.48,0.386,19,F,Em observação
348,estavel,4750.53,514.35,0.1083,12,True,4825.31,24070.44,2005.87,-74.78,0.4222,37,F,Em risco
349,moderado,4481.02,1397.23,0.3118,12,True,4370.64,21614.16,1801.18,110.38,0.402,50,M,Em observação
350,estavel,3337.67,233.15,0.0699,12,True,2639.73,16217.16,1351.43,697.94,0.4049,60,F,Em observação
351,moderado,4559.64,1088.85,0.2388,12,True,3189.02,12960.96,1080.08,1370.62,0.2369,38,M,Saudável
352,estavel,10386.17,207.72,0.02,12,True,10639.07,35472.36,2956.03,-252.9,0.2846,58,M,Em risco
353,moderado,3364.64,940.49,0.2795,12,True,3227.7,32922.48,2743.54,136.94,0.8154,54,M,Em risco
354,moderado,4589.45,835.16,0.182,12,True,2436.42,9140.16,761.68,2153.03,0.166,24,M,Saudável
355,moderado,6692.59,1284.72,0.192,12,True,5110.68,26679.12,2223.26,1581.91,0.3322,40,F,Saudável
356,moderado,6347.84,1389.46,0.2189,12,True,5394.35,12664.92,1055.41,953.49,0.1663,49,F,Saudável
357,alto,3820.09,1420.52,0.3719,12,True,3668.01,19255.8,1604.65,152.08,0.4201,22,F,Em observação
358,alto,1300.15,599.94,0.4614,12,True,1279.11,4298.04,358.17,21.04,0.2755,51,M,Em observação
359,moderado,4794.73,1286.78,0.2684,12,True,4176.7,17724.0,1477.0,618.03,0.308,35,F,Saudável
360,moderado,1399.67,328.43,0.2346,12,True,1295.18,8964.12,747.01,104.49,0.5337,34,F,Em observação
361,alto,7363.04,2728.41,0.3706,12,True,6122.7,36060.36,3005.03,1240.34,0.4081,32,M,Em observação
362,estavel,4101.14,302.7,0.0738,12,True,2865.49,17373.84,1447.82,1235.65,0.353,52,F,Saudável
363,estavel,5958.71,697.77,0.1171,12,True,4605.92,8529.36,710.78,1352.79,0.1193,34,M,Saudável
364,estavel,2532.11,50.64,0.02,12,True,2084.99,17402.16,1450.18,447.12,0.5727,24,M,Em observação
365,moderado,1889.61,314.17,0.1663,12,True,1537.68,4451.04,370.92,351.93,0.1963,46,F,Saudável
366,moderado,4273.1,1127.36,0.2638,12,True,2053.64,16000.8,1333.4,2219.46,0.312,60,M,Saudável
367,alto,3742.97,1734.88,0.4635,12,True,2801.44,19270.44,1605.87,941.53,0.429,43,F,Em observação
368,moderado,3045.93,732.85,0.2406,12,True,2528.48,15371.16,1280.93,517.45,0.4205,45,M,Em observação
369,estavel,3947.56,682.83,0.173,12,True,3037.07,10632.84,886.07,910.49,0.2245,19,M,Saudável
370,alto,13201.72,6250.06,0.4734,12,True,10238.88,54397.8,4533.15,2962.84,0.3434,55,M,Em observação
371,alto,5531.93,2671.34,0.4829,12,True,5022.1,21054.36,1754.53,509.83,0.3172,43,M,Em observação
372,estavel,6093.82,1313.45,0.2155,12,True,3813.44,19419.12,1618.26,2280.38,0.2656,48,M,Saudável
373,moderado,5555.41,1162.8,0.2093,12,True,2927.44,13437.6,1119.8,2627.97,0.2016,56,F,Saudável
374,estavel,7394.67,296.57,0.0401,12,True,5600.2,7675.08,639.59,1794.47,0.0865,18,M,Saudável
375,estavel,3488.49,353.7,0.1014,12,True,3340.37,23580.36,1965.03,148.12,0.5633,27,F,Em observação
376,estavel,1507.36,153.67,0.1019,12,True,1693.91,8289.96,690.83,-186.55,0.4583,30,F,Em risco
377,alto,3490.82,1478.94,0.4237,12,True,3353.92,13977.0,1164.75,136.9,0.3337,21,F,Em observação
378,moderado,5475.49,921.96,0.1684,12,True,3042.8,12266.76,1022.23,2432.69,0.1867,31,M,Saudável
379,moderado,2456.14,824.02,0.3355,12,True,1911.3,10866.12,905.51,544.84,0.3687,28,M,Saudável
380,moderado,3510.07,829.58,0.2363,12,True,3040.4,10432.32,869.36,469.67,0.2477,45,M,Saudável
381,moderado,2783.49,510.45,0.1834,12,True,2371.44,2845.68,237.14,412.05,0.0852,37,M,Saudável
382,alto,7470.14,3703.67,0.4958,12,True,6850.68,39547.8,3295.65,619.46,0.4412,17,M,Em observação
383,alto,5324.17,2366.82,0.4445,12,True,3486.96,20832.48,1736.04,1837.21,0.3261,37,M,Em observação
384,moderado,5094.67,1056.41,0.2074,12,True,4237.18,19832.76,1652.73,857.49,0.3244,50,F,Saudável
385,moderado,5026.49,1247.14,0.2481,12,True,4502.02,13388.04,1115.67,524.47,0.222,20,F,Saudável
386,alto,3736.83,1440.2,0.3854,12,True,3619.57,18822.12,1568.51,117.26,0.4197,51,F,Em observação
387,moderado,4153.29,986.95,0.2376,12,True,2803.35,6738.84,561.57,1349.94,0.1352,43,M,Saudável
388,alto,2229.26,1216.39,0.5456,12,True,1689.49,5391.12,449.26,539.77,0.2015,34,F,Em observação
389,estavel,1420.63,146.76,0.1033,12,True,473.51,1746.6,145.55,947.12,0.1025,25,M,Saudável
390,alto,4065.5,1753.0,0.4312,12,True,2878.93,18883.2,1573.6,1186.57,0.3871,35,M,Em observação
391,moderado,4396.45,855.75,0.1946,12,True,3190.09,13995.84,1166.32,1206.36,0.2653,35,F,Saudável
392,estavel,6548.07,389.5,0.0595,12,True,4167.68,17645.28,1470.44,2380.39,0.2246,34,F,Saudável
393,moderado,7706.79,1597.63,0.2073,12,True,6549.31,56051.88,4670.99,1157.48,0.6061,25,F,Em observação
394,moderado,7702.16,1548.98,0.2011,12,True,6238.21,35398.32,2949.86,1463.95,0.383,48,F,Saudável
395,estavel,2425.14,305.12,0.1258,12,True,1002.41,5663.76,471.98,1422.73,0.1946,57,M,Saudável
396,moderado,3242.94,432.41,0.1333,12,True,2785.01,12183.12,1015.26,457.93,0.3131,52,F,Saudável
397,alto,4716.9,2325.9,0.4931,12,True,3079.67,12215.64,1017.97,1637.23,0.2158,30,M,Em observação
398,estavel,11874.08,724.5,0.061,12,True,10774.83,12929.76,1077.48,1099.25,0.0907,34,M,Saudável
399,moderado,7396.79,1766.7,0.2388,12,True,4358.68,29568.12,2464.01,3038.11,0.3331,18,F,Saudável
400,moderado,6288.55,1029.13,0.1637,12,True,5190.58,30349.08,2529.09,1097.97,0.4022,60,M,Em observação
401,estavel,3191.52,467.34,0.1464,12,True,2454.38,11578.56,964.88,737.14,0.3023,20,M,Saudável
402,alto,2553.75,1308.24,0.5123,12,True,2233.4,10704.72,892.06,320.35,0.3493,43,M,Em observação
403,alto,5419.53,2698.81,0.498,12,True,4565.66,29060.64,2421.72,853.87,0.4469,45,F,Em observação
404,estavel,2315.68,46.31,0.02,12,True,1792.5,4017.96,334.83,523.18,0.1446,31,M,Saudável
405,alto,3413.39,1677.53,0.4915,12,True,1855.08,7379.88,614.99,1558.31,0.1802,43,M,Em observação
406,alto,3608.71,1696.97,0.4702,12,True,1999.6,5988.12,499.01,1609.11,0.1383,17,M,Em observação
407,estavel,7781.99,155.64,0.02,12,True,5563.35,45779.28,3814.94,2218.64,0.4902,20,F,Em observação
408,alto,3239.4,1453.79,0.4488,12,True,2651.48,17542.68,1461.89,587.92,0.4513,57,M,Em observação
409,estavel,1267.87,124.54,0.0982,12,True,900.84,1080.96,90.08,367.03,0.071,48,F,Saudável
410,alto,4768.35,2278.34,0.4778,12,True,4446.67,10295.04,857.92,321.68,0.1799,35,M,Em observação
411,moderado,2774.42,634.96,0.2289,12,True,2135.58,10254.6,854.55,638.84,0.308,43,F,Saudável
412,moderado,3873.6,908.6,0.2346,12,True,2503.5,10488.72,874.06,1370.1,0.2256,31,M,Saudável
413,estavel,3654.59,561.64,0.1537,12,True,2813.82,7473.84,622.82,840.77,0.1704,47,M,Saudável
414,alto,3359.64,1717.79,0.5113,12,True,2891.49,24694.92,2057.91,468.15,0.6125,36,F,Em observação
415,estavel,5423.03,108.46,0.02,12,True,4764.02,26690.76,2224.23,659.01,0.4101,53,M,Em observação
416,estavel,1906.39,122.25,0.0641,12,True,2207.81,13014.36,1084.53,-301.42,0.5689,51,F,Em risco
417,estavel,3011.22,216.11,0.0718,12,True,2106.64,7993.32,666.11,904.58,0.2212,47,M,Saudável
418,alto,5169.72,1873.48,0.3624,12,True,4170.79,26443.2,2203.6,998.93,0.4263,34,F,Em observação
419,estavel,2882.51,244.17,0.0847,12,True,2584.75,11257.2,938.1,297.76,0.3254,22,F,Saudável
420,alto,1842.34,944.08,0.5124,12,True,1502.95,6808.32,567.36,339.39,0.308,37,M,Em observação
421,moderado,5133.82,850.53,0.1657,12,True,3747.12,23006.64,1917.22,1386.7,0.3734,50,F,Saudável
422,estavel,6299.02,609.87,0.0968,12,True,3408.61,7184.64,598.72,2890.41,0.095,56,F,Saudável
423,estavel,3723.83,127.39,0.0342,12,True,2711.13,21457.68,1788.14,1012.7,0.4802,30,F,Em observação
424,estavel,1572.43,72.97,0.0464,12,True,985.49,5290.44,440.87,586.94,0.2804,40,F,Saudável
425,moderado,5220.99,1534.29,0.2939,12,True,2658.58,19529.16,1627.43,2562.41,0.3117,41,M,Saudável
426,alto,1800.48,761.37,0.4229,12,True,1218.52,3782.64,315.22,581.96,0.1751,36,M,Em observação
427,estavel,4366.5,450.23,0.1031,12,True,2757.55,9315.84,776.32,1608.95,0.1778,25,M,Saudável
428,alto,2548.85,908.51,0.3564,12,True,2357.89,6952.44,579.37,190.96,0.2273,29,M,Saudável
429,estavel,2254.83,390.35,0.1731,12,True,2092.93,11491.32,957.61,161.9,0.4247,30,M,Em observação
430,alto,3114.73,1495.48,0.4801,12,True,2047.32,10561.68,880.14,1067.41,0.2826,52,M,Em observação
431,alto,3499.14,1542.68,0.4409,12,True,2705.39,11373.6,947.8,793.75,0.2709,27,F,Em observação
432,alto,2843.7,1361.5,0.4788,12,True,1380.66,4438.32,369.86,1463.04,0.1301,53,M,Em observação
433,moderado,4952.62,740.46,0.1495,12,True,3620.46,9992.88,832.74,1332.16,0.1681,25,F,Saudável
434,alto,3108.9,1582.82,0.5091,12,True,2772.57,13731.84,1144.32,336.33,0.3681,48,M,Em observação
435,estavel,5906.7,376.85,0.0638,12,True,5720.57,24037.56,2003.13,186.13,0.3391,59,M,Saudável
436,estavel,4312.55,301.0,0.0698,12,True,2982.78,11352.24,946.02,1329.77,0.2194,57,M,Saudável
437,estavel,2776.25,153.85,0.0554,12,True,2802.16,21926.28,1827.19,-25.91,0.6582,22,F,Em risco
438,moderado,2573.66,491.49,0.191,12,True,1408.24,6888.84,574.07,1165.42,0.2231,53,F,Saudável
439,moderado,1810.54,461.21,0.2547,12,True,1078.04,7897.8,658.15,732.5,0.3635,20,M,Saudável
440,moderado,4331.14,1008.27,0.2328,12,True,4104.79,16748.16,1395.68,226.35,0.3222,52,M,Saudável
441,alto,3239.56,1563.37,0.4826,12,True,3630.9,19899.48,1658.29,-391.34,0.5119,52,F,Em risco
442,estavel,1306.71,103.96,0.0796,12,True,1187.56,5866.68,488.89,119.15,0.3741,23,M,Saudável
443,moderado,2985.98,733.54,0.2457,12,True,2426.82,4815.48,401.29,559.16,0.1344,36,M,Saudável
444,estavel,2533.33,149.61,0.0591,12,True,1076.33,8191.92,682.66,1457.0,0.2695,28,M,Saudável
445,estavel,7721.87,1478.63,0.1915,12,True,3520.86,16888.56,1407.38,4201.01,0.1823,59,M,Saudável
446,moderado,1766.06,250.08,0.1416,12,True,1489.31,9507.12,792.26,276.75,0.4486,42,M,Em observação
447,alto,1986.54,1019.19,0.513,12,True,1500.93,5532.96,461.08,485.61,0.2321,28,M,Em observação
448,moderado,6261.92,1805.91,0.2884,12,True,3888.34,18443.52,1536.96,2373.58,0.2454,22,M,Saudável
449,estavel,6997.44,261.65,0.0374,12,True,5820.44,20253.24,1687.77,1177.0,0.2412,47,M,Saudável
450,moderado,2717.63,900.8,0.3315,12,True,2284.78,16598.52,1383.21,432.85,0.509,56,F,Em observação
451,estavel,2859.26,371.06,0.1298,12,True,2830.65,15853.2,1321.1,28.61,0.462,55,F,Em observação
452,alto,5014.37,2499.95,0.4986,12,True,4235.08,24142.92,2011.91,779.29,0.4012,53,M,Em observação
453,moderado,1333.5,295.24,0.2214,12,True,1388.32,10391.16,865.93,-54.82,0.6494,46,F,Em risco
454,estavel,1644.55,113.7,0.0691,12,True,1350.9,9620.28,801.69,293.65,0.4875,47,M,Em observação
455,estavel,3349.03,232.86,0.0695,12,True,2676.68,17177.88,1431.49,672.35,0.4274,25,M,Em observação
456,estavel,7632.78,759.66,0.0995,12,True,7721.14,19155.36,1596.28,-88.36,0.2091,38,F,Em risco
457,alto,3123.4,1624.35,0.5201,12,True,2011.1,7617.6,634.8,1112.3,0.2032,60,F,Em observação
458,moderado,3976.58,910.9,0.2291,12,True,5275.33,17055.12,1421.26,-1298.75,0.3574,32,M,Em risco
459,alto,6329.41,2559.79,0.4044,12,True,5617.64,35669.52,2972.46,711.77,0.4696,43,F,Em observação
460,moderado,9807.03,2561.81,0.2612,12,True,8714.03,46595.4,3882.95,1093.0,0.3959,51,M,Saudável
461,moderado,2931.22,779.87,0.2661,12,True,2680.65,6801.0,566.75,250.57,0.1933,21,M,Saudável
462,estavel,3771.32,425.15,0.1127,12,True,4366.75,20524.92,1710.41,-595.43,0.4535,46,F,Em risco
463,alto,8627.25,4203.84,0.4873,12,True,8305.03,19521.84,1626.82,322.22,0.1886,45,F,Em observação
464,estavel,1915.56,127.3,0.0665,12,True,1017.33,5030.04,419.17,898.23,0.2188,25,M,Saudável
465,moderado,6034.01,1047.21,0.1736,12,True,6472.23,13334.88,1111.24,-438.22,0.1842,36,F,Em risco
466,moderado,2403.1,424.36,0.1766,12,True,1823.08,10923.72,910.31,580.02,0.3788,29,F,Saudável
467,moderado,3979.33,550.05,0.1382,12,True,3339.8,19104.72,1592.06,639.53,0.4001,21,M,Em observação
468,alto,3406.97,1573.5,0.4618,12,True,2009.21,17026.68,1418.89,1397.76,0.4165,24,F,Em observação
469,estavel,2469.2,187.23,0.0758,12,True,2258.62,14830.44,1235.87,210.58,0.5005,44,F,Em observação
470,moderado,2441.48,483.41,0.198,12,True,1715.76,7341.36,611.78,725.72,0.2506,36,F,Saudável
471,moderado,4303.32,310.78,0.0722,12,True,3606.31,23486.16,1957.18,697.01,0.4548,41,M,Em observação
472,moderado,5947.64,937.55,0.1576,12,True,4572.92,11543.04,961.92,1374.72,0.1617,22,M,Saudável
473,estavel,3584.5,487.64,0.136,12,True,4181.33,13830.0,1152.5,-596.83,0.3215,33,M,Em risco
474,estavel,3921.8,183.42,0.0468,12,True,4615.2,26028.12,2169.01,-693.4,0.5531,55,F,Em risco
475,estavel,4913.71,481.69,0.098,12,True,4070.38,4884.48,407.04,843.33,0.0828,51,F,Saudável
476,estavel,2454.13,49.08,0.02,12,True,2040.65,10148.4,845.7,413.48,0.3446,44,M,Saudável
477,moderado,5300.83,1547.5,0.2919,12,True,3990.36,12783.24,1065.27,1310.47,0.201,53,F,Saudável
478,moderado,5494.27,1169.17,0.2128,12,True,5599.11,29240.52,2436.71,-104.84,0.4435,47,F,Em risco
479,moderado,12263.57,2875.83,0.2345,12,True,9330.06,28923.84,2410.32,2933.51,0.1965,47,M,Saudável
480,moderado,3208.34,1078.93,0.3363,12,True,2387.52,13856.28,1154.69,820.82,0.3599,43,M,Saudável
481,moderado,3092.14,914.72,0.2958,12,True,3080.23,15631.56,1302.63,11.91,0.4213,31,M,Em observação
482,estavel,5371.12,347.36,0.0647,12,True,3883.89,29364.72,2447.06,1487.23,0.4556,34,M,Em observação
483,moderado,5493.68,1045.66,0.1903,12,True,4467.48,22570.2,1880.85,1026.2,0.3424,44,M,Saudável
484,estavel,2986.83,190.33,0.0637,12,True,1599.04,5846.76,487.23,1387.79,0.1631,33,M,Saudável
485,estavel,3169.51,334.37,0.1055,12,True,3000.75,13790.28,1149.19,168.76,0.3626,54,F,Saudável
486,moderado,4847.73,1041.0,0.2147,12,True,5668.72,14854.2,1237.85,-820.99,0.2553,45,M,Em risco
487,moderado,2618.46,524.31,0.2002,12,True,2487.07,14352.96,1196.08,131.39,0.4568,55,F,Em observação
488,estavel,3159.02,484.46,0.1534,12,True,3421.61,20877.72,1739.81,-262.59,0.5507,42,F,Em risco
489,moderado,3956.33,847.8,0.2143,12,True,2641.65,25054.92,2087.91,1314.68,0.5277,49,F,Em observação
490,moderado,5948.7,1992.69,0.335,12,True,5130.98,20117.04,1676.42,817.72,0.2818,33,M,Saudável
491,moderado,2894.85,650.0,0.2245,12,True,1882.32,8579.52,714.96,1012.53,0.247,50,F,Saudável
492,moderado,1658.52,512.92,0.3093,12,True,1291.99,5172.6,431.05,366.53,0.2599,36,M,Saudável
493,moderado,1604.05,381.55,0.2379,12,True,1538.28,8340.24,695.02,65.77,0.4333,19,F,Em observação
494,estavel,2156.02,276.29,0.1281,12,True,1807.45,10351.32,862.61,348.57,0.4001,57,F,Em observação
495,alto,2104.5,870.78,0.4138,12,True,1190.57,5886.12,490.51,913.93,0.2331,56,M,Em observação
496,moderado,3544.6,628.5,0.1773,12,True,2067.55,14463.36,1205.28,1477.05,0.34,28,F,Saudável
497,moderado,2225.55,540.78,0.243,12,True,1271.66,4996.92,416.41,953.89,0.1871,59,M,Saudável
498,moderado,2769.76,746.25,0.2694,12,True,2516.22,17148.36,1429.03,253.54,0.5159,24,M,Em observação
499,moderado,2682.27,595.5,0.222,12,True,3195.93,19205.28,1600.44,-513.66,0.5967,29,M,Em risco
500,moderado,3116.69,485.21,0.1557,12,True,3320.03,16661.04,1388.42,-203.34,0.4455,42,F,Em risco
501,moderado,6890.39,1047.25,0.152,12,True,3298.59,14754.96,1229.58,3591.8,0.1784,29,F,Saudável
502,alto,5118.58,1938.12,0.3786,12,True,5506.54,51805.56,4317.13,-387.96,0.8434,22,M,Em risco
503,alto,3827.68,1384.16,0.3616,12,True,3783.86,13506.0,1125.5,43.82,0.294,37,M,Saudável
504,moderado,3088.05,696.28,0.2255,12,True,1673.25,9330.48,777.54,1414.8,0.2518,23,F,Saudável
505,moderado,3126.91,863.82,0.2763,12,True,2393.41,8830.68,735.89,733.5,0.2353,17,F,Saudável
506,alto,4403.88,1978.79,0.4493,12,True,4479.6,36975.12,3081.26,-75.72,0.6997,37,F,Em risco
507,estavel,4942.53,98.85,0.02,12,True,4542.57,30145.8,2512.15,399.96,0.5083,28,M,Em observação
508,alto,2525.84,1112.54,0.4405,12,True,1476.01,5636.88,469.74,1049.83,0.186,33,M,Em observação
509,moderado,3862.9,818.39,0.2119,12,True,3592.24,21419.4,1784.95,270.66,0.4621,38,F,Em observação
510,estavel,1523.14,281.48,0.1848,12,True,662.95,3648.72,304.06,860.19,0.1996,51,M,Saudável
511,estavel,4179.84,83.6,0.02,12,True,3259.82,13398.12,1116.51,920.02,0.2671,32,M,Saudável
512,alto,5354.67,2305.0,0.4305,12,True,5487.64,35146.68,2928.89,-132.97,0.547,45,M,Em risco
513,estavel,3350.03,553.74,0.1653,12,True,2758.12,15833.64,1319.47,591.91,0.3939,38,M,Saudável
514,estavel,8605.82,882.09,0.1025,12,True,6283.89,34110.6,2842.55,2321.93,0.3303,22,M,Saudável
515,estavel,2556.0,276.47,0.1082,12,True,2505.09,12436.68,1036.39,50.91,0.4055,34,M,Em observação
516,estavel,4190.62,359.26,0.0857,12,True,4171.58,24261.48,2021.79,19.04,0.4825,25,M,Em observação
517,estavel,3739.23,360.83,0.0965,12,True,3947.91,21527.52,1793.96,-208.68,0.4798,45,M,Em risco
518,moderado,3632.3,940.33,0.2589,12,True,3550.14,18270.36,1522.53,82.16,0.4192,48,F,Em observação
519,estavel,3609.45,142.67,0.0395,12,True,3662.32,14232.36,1186.03,-52.87,0.3286,52,M,Em risco
520,alto,3987.64,1969.51,0.4939,12,True,3795.93,30704.4,2558.7,191.71,0.6417,23,F,Em observação
521,alto,5565.48,2122.39,0.3813,12,True,4829.7,15209.88,1267.49,735.78,0.2277,40,M,Saudável
522,moderado,7063.79,1670.01,0.2364,12,True,5906.12,34313.04,2859.42,1157.67,0.4048,26,F,Em observação
523,estavel,3796.15,337.62,0.0889,12,True,2950.72,13170.72,1097.56,845.43,0.2891,55,F,Saudável
524,moderado,5484.32,1037.55,0.1892,12,True,3300.32,27086.28,2257.19,2184.0,0.4116,28,M,Em observação
525,estavel,2770.99,218.54,0.0789,12,True,1795.72,6130.08,510.84,975.27,0.1844,28,M,Saudável
526,moderado,5363.84,1013.08,0.1889,12,True,4126.07,15334.68,1277.89,1237.77,0.2382,52,F,Saudável
527,alto,2696.91,1069.1,0.3964,12,True,2328.68,7671.48,639.29,368.23,0.237,36,M,Saudável
528,alto,6207.75,2683.73,0.4323,12,True,6700.31,37670.76,3139.23,-492.56,0.5057,26,M,Em risco
529,alto,10275.78,4056.88,0.3948,12,True,8348.83,21444.0,1787.0,1926.95,0.1739,48,F,Saudável
530,estavel,3596.87,345.8,0.0961,12,True,3599.12,15039.48,1253.29,-2.25,0.3484,54,M,Em risco
531,moderado,1416.74,230.21,0.1625,12,True,1436.97,1724.4,143.7,-20.23,0.1014,27,F,Em risco
532,moderado,2969.42,758.98,0.2556,12,True,2311.22,12648.72,1054.06,658.2,0.355,41,M,Saudável
533,moderado,6615.03,1064.53,0.1609,12,True,6132.43,25385.88,2115.49,482.6,0.3198,23,M,Saudável
534,moderado,4873.86,934.25,0.1917,12,True,3782.92,8933.4,744.45,1090.94,0.1527,26,M,Saudável
535,estavel,4250.4,207.29,0.0488,12,True,4496.86,31451.52,2620.96,-246.46,0.6166,37,F,Em risco
536,estavel,5982.88,875.04,0.1463,12,True,5590.71,15017.76,1251.48,392.17,0.2092,37,M,Saudável
537,moderado,4725.65,1117.68,0.2365,12,True,2862.39,18532.56,1544.38,1863.26,0.3268,47,M,Saudável
538,estavel,6573.05,456.26,0.0694,12,True,5581.01,21085.8,1757.15,992.04,0.2673,54,F,Saudável
539,estavel,5747.37,603.11,0.1049,12,True,6417.86,50847.6,4237.3,-670.49,0.7373,36,M,Em risco
540,alto,7536.56,2597.4,0.3446,12,True,5934.12,37914.24,3159.52,1602.44,0.4192,19,F,Em observação
541,alto,4465.85,2000.0,0.4478,12,True,4021.89,12972.72,1081.06,443.96,0.2421,60,F,Em observação
542,moderado,5710.85,1826.76,0.3199,12,True,5244.03,17773.32,1481.11,466.82,0.2594,44,F,Saudável
543,alto,3309.49,1511.17,0.4566,12,True,2096.26,12849.96,1070.83,1213.23,0.3236,46,M,Em observação
544,alto,2898.94,1314.37,0.4534,12,True,2643.62,12075.36,1006.28,255.32,0.3471,50,M,Em observação
545,estavel,8191.09,879.78,0.1074,12,True,4661.63,22073.64,1839.47,3529.46,0.2246,21,F,Saudável
546,moderado,4188.29,1108.98,0.2648,12,True,2962.74,21717.0,1809.75,1225.55,0.4321,21,M,Em observação
547,moderado,5458.63,655.73,0.1201,12,True,5533.03,20429.88,1702.49,-74.4,0.3119,39,M,Em risco
548,estavel,4017.6,80.35,0.02,12,True,3552.43,18488.04,1540.67,465.17,0.3835,30,M,Saudável
549,alto,2918.5,1344.01,0.4605,12,True,2233.22,15092.88,1257.74,685.28,0.431,54,M,Em observação
550,moderado,3818.83,703.64,0.1843,12,True,3438.33,22336.8,1861.4,380.5,0.4874,35,F,Em observação
551,moderado,7251.43,2071.02,0.2856,12,True,5867.74,27887.64,2323.97,1383.69,0.3205,53,M,Saudável
552,estavel,4878.6,313.41,0.0642,12,True,4011.5,18131.88,1510.99,867.1,0.3097,23,M,Saudável
553,estavel,1759.16,35.18,0.02,12,True,1650.49,3152.64,262.72,108.67,0.1493,20,M,Saudável
554,alto,3449.2,1333.46,0.3866,12,True,2376.75,7460.04,621.67,1072.45,0.1802,33,M,Saudável
555,estavel,8474.26,169.49,0.02,12,True,7010.42,39349.8,3279.15,1463.84,0.387,26,F,Saudável
556,estavel,3451.44,235.71,0.0683,12,True,2636.18,12632.04,1052.67,815.26,0.305,22,M,Saudável
557,estavel,1690.1,119.29,0.0706,12,True,903.51,4675.56,389.63,786.59,0.2305,47,M,Saudável
558,moderado,8907.32,1770.57,0.1988,12,True,5828.22,40276.8,3356.4,3079.1,0.3768,21,F,Saudável
559,moderado,5165.89,1415.16,0.2739,12,True,5694.24,16529.4,1377.45,-528.35,0.2666,35,M,Em risco
560,moderado,3682.14,1030.73,0.2799,12,True,3274.34,15110.64,1259.22,407.8,0.342,42,F,Saudável
561,estavel,3215.11,229.82,0.0715,12,True,1870.4,10062.12,838.51,1344.71,0.2608,21,M,Saudável
562,estavel,6184.58,123.69,0.02,12,True,3356.6,12662.76,1055.23,2827.98,0.1706,57,F,Saudável
563,alto,2977.57,1431.81,0.4809,12,True,2381.49,18138.96,1511.58,596.08,0.5077,49,M,Em observação
564,moderado,6370.75,1578.47,0.2478,12,True,7014.28,46823.52,3901.96,-643.53,0.6125,52,F,Em risco
565,moderado,4850.05,1142.04,0.2355,12,True,3814.0,21214.44,1767.87,1036.05,0.3645,55,F,Saudável
566,moderado,4242.31,1141.5,0.2691,12,True,4476.74,37020.96,3085.08,-234.43,0.7272,18,M,Em risco
567,alto,4057.16,1589.43,0.3918,12,True,3583.88,8393.4,699.45,473.28,0.1724,31,F,Saudável
568,estavel,3512.28,633.75,0.1804,12,True,3178.0,15972.96,1331.08,334.28,0.379,54,M,Saudável
569,moderado,6083.25,1046.49,0.172,12,True,3525.67,20094.24,1674.52,2557.58,0.2753,42,F,Saudável
570,moderado,2574.35,662.8,0.2575,12,True,2545.4,8638.56,719.88,28.95,0.2796,55,F,Saudável
571,estavel,1831.5,36.63,0.02,12,True,1391.41,7765.8,647.15,440.09,0.3533,49,M,Saudável
572,alto,5010.32,2021.6,0.4035,12,True,4886.85,14895.84,1241.32,123.47,0.2478,56,F,Em observação
573,moderado,5048.33,1493.39,0.2958,12,True,3399.79,21360.84,1780.07,1648.54,0.3526,44,F,Saudável
574,alto,4716.7,2060.99,0.437,12,True,4018.01,27901.44,2325.12,698.69,0.493,29,F,Em observação
575,alto,4565.28,2246.1,0.492,12,True,4032.79,22302.12,1858.51,532.49,0.4071,58,F,Em observação
576,moderado,3289.57,762.68,0.2318,12,True,2606.24,4443.6,370.3,683.33,0.1126,31,M,Saudável
577,alto,5416.06,2408.8,0.4448,12,True,4835.56,15956.28,1329.69,580.5,0.2455,42,F,Em observação
578,moderado,3722.89,1072.91,0.2882,12,True,2874.25,17407.8,1450.65,848.64,0.3897,52,M,Saudável
579,alto,3052.01,1337.29,0.4382,12,True,2146.08,10898.16,908.18,905.93,0.2976,56,M,Em observação
580,estavel,3302.4,66.05,0.02,12,True,3662.32,4394.76,366.23,-359.92,0.1109,22,M,Em risco
581,moderado,9433.71,1696.54,0.1798,12,True,9516.84,69255.0,5771.25,-83.13,0.6118,33,M,Em risco
582,moderado,1740.66,430.92,0.2476,12,True,1188.95,6284.76,523.73,551.71,0.3009,26,M,Saudável
583,estavel,4758.37,474.77,0.0998,12,True,4388.74,15648.72,1304.06,369.63,0.2741,42,M,Saudável
584,moderado,1784.97,252.84,0.1416,12,True,1225.06,8368.32,697.36,559.91,0.3907,21,F,Saudável
585,alto,3619.36,1497.63,0.4138,12,True,2196.07,8389.92,699.16,1423.29,0.1932,59,F,Em observação
586,moderado,3126.36,596.87,0.1909,12,True,3145.39,11955.0,996.25,-19.03,0.3187,38,F,Em risco
587,estavel,1486.97,91.79,0.0617,12,True,763.21,4338.84,361.57,723.76,0.2432,34,M,Saudável
588,estavel,4527.04,90.54,0.02,12,True,4467.44,36837.96,3069.83,59.6,0.6781,35,F,Em observação
589,estavel,3202.67,155.59,0.0486,12,True,2480.5,19750.92,1645.91,722.17,0.5139,36,F,Em observação
590,estavel,1477.51,64.37,0.0436,12,True,1155.3,6570.72,547.56,322.21,0.3706,41,M,Saudável
591,alto,5544.5,2708.91,0.4886,12,True,4955.43,29099.76,2424.98,589.07,0.4374,41,F,Em observação
592,moderado,7248.2,1887.84,0.2605,12,True,6701.8,43325.16,3610.43,546.4,0.4981,33,F,Em observação
593,estavel,7430.23,540.25,0.0727,12,True,4987.6,13852.68,1154.39,2442.63,0.1554,29,F,Saudável
594,moderado,4466.17,895.01,0.2004,12,True,4239.25,26281.08,2190.09,226.92,0.4904,48,F,Em observação
595,estavel,3879.58,337.51,0.087,12,True,3260.43,12124.44,1010.37,619.15,0.2604,40,F,Saudável
596,estavel,6907.94,270.59,0.0392,12,True,4102.7,23029.56,1919.13,2805.24,0.2778,42,M,Saudável
597,moderado,8101.7,1317.81,0.1627,12,True,6395.67,29615.52,2467.96,1706.03,0.3046,59,M,Saudável
598,moderado,6328.78,1094.81,0.173,12,True,6763.13,40187.76,3348.98,-434.35,0.5292,20,F,Em risco
599,alto,2487.58,1040.45,0.4183,12,True,2790.54,14657.52,1221.46,-302.96,0.491,31,M,Em risco
600,moderado,4160.38,673.26,0.1618,12,True,3948.71,4738.44,394.87,211.67,0.0949,27,F,Saudável
601,moderado,4631.05,1056.36,0.2281,12,True,2805.2,15041.52,1253.46,1825.85,0.2707,48,M,Saudável
602,alto,1683.16,818.83,0.4865,12,True,1528.83,9472.44,789.37,154.33,0.469,47,F,Em observação
603,alto,4693.66,1739.68,0.3706,12,True,4567.66,26687.28,2223.94,126.0,0.4738,40,M,Em observação
604,moderado,10568.18,2338.28,0.2213,12,True,10046.4,48778.8,4064.9,521.78,0.3846,23,F,Saudável
605,alto,5068.13,2224.93,0.439,12,True,4871.95,38955.6,3246.3,196.18,0.6405,35,M,Em observação
606,alto,7374.57,3444.48,0.4671,12,True,6529.35,36567.48,3047.29,845.22,0.4132,18,M,Em observação
607,alto,4126.02,1854.04,0.4494,12,True,3329.56,19404.0,1617.0,796.46,0.3919,56,F,Em observação
608,estavel,3676.84,73.54,0.02,12,True,2612.37,18077.88,1506.49,1064.47,0.4097,22,F,Em observação
609,moderado,4511.25,707.73,0.1569,12,True,2158.05,12285.12,1023.76,2353.2,0.2269,44,F,Saudável
610,moderado,2632.36,582.99,0.2215,12,True,2319.47,7940.88,661.74,312.89,0.2514,21,F,Saudável
611,moderado,2462.81,668.5,0.2714,12,True,2101.98,2522.4,210.2,360.83,0.0853,33,F,Saudável
612,moderado,6718.32,734.25,0.1093,12,True,6183.3,25853.52,2154.46,535.02,0.3207,50,F,Saudável
613,alto,7046.67,3292.81,0.4673,12,True,4081.73,26162.64,2180.22,2964.94,0.3094,38,F,Em observação
614,alto,2432.7,1239.41,0.5095,12,True,2277.26,10030.08,835.84,155.44,0.3436,58,F,Em observação
615,estavel,5874.38,425.0,0.0723,12,True,6989.44,45306.36,3775.53,-1115.06,0.6427,46,F,Em risco
616,moderado,3654.17,904.44,0.2475,12,True,3048.02,16178.04,1348.17,606.15,0.3689,51,F,Saudável
617,moderado,4427.85,818.47,0.1848,12,True,3581.69,26355.96,2196.33,846.16,0.496,37,F,Em observação
618,estavel,4674.39,346.05,0.074,12,True,4092.99,18453.72,1537.81,581.4,0.329,42,M,Saudável
619,estavel,5944.45,118.89,0.02,12,True,7049.05,41460.48,3455.04,-1104.6,0.5812,39,M,Em risco
620,estavel,3944.11,78.88,0.02,12,True,2507.44,14920.8,1243.4,1436.67,0.3153,32,M,Saudável
621,alto,7167.62,3563.3,0.4971,12,True,6139.62,47538.36,3961.53,1028.0,0.5527,59,F,Em observação
622,moderado,4367.7,745.79,0.1708,12,True,2952.83,5811.36,484.28,1414.87,0.1109,57,F,Saudável
623,alto,5032.33,2149.93,0.4272,12,True,3631.02,15304.2,1275.35,1401.31,0.2534,24,M,Em observação
624,moderado,2611.78,393.54,0.1507,12,True,2118.35,13911.96,1159.33,493.43,0.4439,25,M,Em observação
625,alto,10038.2,3809.51,0.3795,12,True,10665.77,83434.2,6952.85,-627.57,0.6926,26,F,Em risco
626,moderado,4694.64,992.02,0.2113,12,True,5371.51,29393.64,2449.47,-676.87,0.5218,56,M,Em risco
627,alto,5237.53,2165.83,0.4135,12,True,4717.26,21289.56,1774.13,520.27,0.3387,18,F,Em observação
628,estavel,1842.86,182.26,0.0989,12,True,1386.22,8875.68,739.64,456.64,0.4014,20,F,Em observação
629,moderado,2624.22,636.71,0.2426,12,True,3329.33,21985.8,1832.15,-705.11,0.6982,45,F,Em risco
630,alto,6632.94,3091.23,0.466,12,True,4928.54,21649.2,1804.1,1704.4,0.272,54,F,Em observação
631,alto,4323.66,1997.23,0.4619,12,True,3100.91,17472.24,1456.02,1222.75,0.3368,34,M,Em observação
632,alto,1606.09,849.44,0.5289,12,True,803.86,5759.64,479.97,802.23,0.2988,27,F,Em observação
633,estavel,6063.16,161.4,0.0266,12,True,6495.44,54839.88,4569.99,-432.28,0.7537,30,F,Em risco
634,moderado,2975.16,646.36,0.2173,12,True,2958.15,18863.16,1571.93,17.01,0.5284,24,M,Em observação
635,estavel,7171.35,979.85,0.1366,12,True,9001.51,46082.76,3840.23,-1830.16,0.5355,55,M,Em risco
636,estavel,3652.73,523.17,0.1432,12,True,2081.64,10288.8,857.4,1571.09,0.2347,50,M,Saudável
637,moderado,4166.68,620.47,0.1489,12,True,4510.31,27257.16,2271.43,-343.63,0.5451,56,F,Em risco
638,moderado,6459.36,1320.18,0.2044,12,True,5378.22,25986.48,2165.54,1081.14,0.3353,51,F,Saudável
639,alto,2537.37,1314.12,0.5179,12,True,2448.81,13177.92,1098.16,88.56,0.4328,19,F,Em observação
640,alto,2430.8,1155.61,0.4754,12,True,1272.28,3989.64,332.47,1158.52,0.1368,48,F,Em observação
641,moderado,3478.42,799.21,0.2298,12,True,3771.49,27813.6,2317.8,-293.07,0.6663,56,F,Em risco
642,alto,5513.66,2421.14,0.4391,12,True,5301.79,15840.0,1320.0,211.87,0.2394,22,M,Em observação
643,estavel,2087.79,126.96,0.0608,12,True,1697.37,7234.56,602.88,390.42,0.2888,56,M,Saudável
644,estavel,1793.89,169.36,0.0944,12,True,1679.3,8758.68,729.89,114.59,0.4069,45,M,Em observação
645,moderado,5505.1,1141.65,0.2074,12,True,3755.64,32387.76,2698.98,1749.46,0.4903,34,F,Em observação
646,alto,2896.96,1297.46,0.4479,12,True,2073.36,8872.32,739.36,823.6,0.2552,31,M,Em observação
647,estavel,3185.15,267.33,0.0839,12,True,2346.12,9011.88,750.99,839.03,0.2358,21,F,Saudável
648,moderado,1647.79,306.65,0.1861,12,True,801.66,3245.52,270.46,846.13,0.1641,29,M,Saudável
649,moderado,2799.55,690.39,0.2466,12,True,2729.89,21910.08,1825.84,69.66,0.6522,57,M,Em observação
650,estavel,3787.08,854.79,0.2257,12,True,3917.68,4701.24,391.77,-130.6,0.1034,53,F,Em risco
651,moderado,5775.77,757.5,0.1312,12,True,4006.99,12962.88,1080.24,1768.78,0.187,38,M,Saudável
652,alto,2685.72,1252.08,0.4662,12,True,2370.62,23602.68,1966.89,315.1,0.7324,45,M,Em risco
653,moderado,8011.04,1457.93,0.182,12,True,6186.15,37757.76,3146.48,1824.89,0.3928,53,F,Saudável
654,estavel,2792.54,304.02,0.1089,12,True,2454.89,7485.48,623.79,337.65,0.2234,20,M,Saudável
655,alto,2794.38,1263.98,0.4523,12,True,1975.73,9808.56,817.38,818.65,0.2925,38,M,Em observação
656,estavel,7589.85,896.31,0.1181,12,True,5016.77,25893.6,2157.8,2573.08,0.2843,30,M,Saudável
657,alto,4179.36,2126.36,0.5088,12,True,4218.54,27686.4,2307.2,-39.18,0.552,46,F,Em risco
658,estavel,2964.15,265.65,0.0896,12,True,2396.53,20013.72,1667.81,567.62,0.5627,54,F,Em observação
659,moderado,3543.77,980.22,0.2766,12,True,4195.75,24081.0,2006.75,-651.98,0.5663,32,F,Em risco
660,moderado,6985.83,718.04,0.1028,12,True,5786.61,23542.08,1961.84,1199.22,0.2808,45,F,Saudável
661,estavel,7350.68,1172.6,0.1595,12,True,4802.24,31006.92,2583.91,2548.44,0.3515,55,M,Saudável
662,alto,2631.21,1233.39,0.4688,12,True,2738.69,10360.92,863.41,-107.48,0.3281,40,M,Em risco
663,estavel,3728.13,499.17,0.1339,12,True,3480.37,11067.6,922.3,247.76,0.2474,22,F,Saudável
664,estavel,3957.34,79.15,0.02,12,True,3762.79,7044.6,587.05,194.55,0.1483,29,F,Saudável
665,estavel,2438.04,93.77,0.0385,12,True,2521.68,5605.08,467.09,-83.64,0.1916,18,M,Em risco
666,moderado,3705.96,842.35,0.2273,12,True,2603.42,8920.32,743.36,1102.54,0.2006,37,M,Saudável
667,alto,3809.11,1710.85,0.4491,12,True,3036.22,8865.72,738.81,772.89,0.194,42,M,Em observação
668,alto,6347.72,2946.32,0.4642,12,True,5009.23,28070.88,2339.24,1338.49,0.3685,48,M,Em observação
669,estavel,6542.65,878.19,0.1342,12,True,3844.89,11077.44,923.12,2697.76,0.1411,42,F,Saudável
670,moderado,3276.77,431.68,0.1317,12,True,2531.48,3037.8,253.15,745.29,0.0773,53,F,Saudável
671,estavel,3451.2,444.14,0.1287,12,True,3660.16,11569.56,964.13,-208.96,0.2794,52,F,Em risco
672,moderado,5123.99,1129.4,0.2204,12,True,4420.57,18525.12,1543.76,703.42,0.3013,38,F,Saudável
673,alto,2920.24,1284.35,0.4398,12,True,1687.05,6664.2,555.35,1233.19,0.1902,20,F,Em observação
674,moderado,4952.48,725.26,0.1464,12,True,2674.09,20791.44,1732.62,2278.39,0.3498,41,F,Saudável
675,moderado,3652.61,895.45,0.2452,12,True,4089.68,16095.48,1341.29,-437.07,0.3672,46,M,Em risco
676,moderado,2456.58,243.93,0.0993,12,True,1974.46,13082.16,1090.18,482.12,0.4438,30,F,Em observação
677,alto,2470.51,1191.82,0.4824,12,True,1737.92,8699.76,724.98,732.59,0.2935,49,M,Em observação
678,moderado,7287.62,1059.58,0.1454,12,True,5616.43,27879.12,2323.26,1671.19,0.3188,55,M,Saudável
679,estavel,3541.72,292.8,0.0827,12,True,1962.41,6939.72,578.31,1579.31,0.1633,40,F,Saudável
680,moderado,7949.91,1701.61,0.214,12,True,8555.35,42213.72,3517.81,-605.44,0.4425,32,F,Em risco
681,estavel,3015.8,417.62,0.1385,12,True,2259.59,8276.52,689.71,756.21,0.2287,24,F,Saudável
682,estavel,4332.06,307.87,0.0711,12,True,4618.55,24690.96,2057.58,-286.49,0.475,40,M,Em risco
683,estavel,11152.97,505.15,0.0453,12,True,9249.13,42682.44,3556.87,1903.84,0.3189,58,M,Saudável
684,moderado,2361.22,459.66,0.1947,12,True,2543.78,8495.4,707.95,-182.56,0.2998,21,M,Em risco
685,moderado,1617.67,458.84,0.2836,12,True,1401.23,9564.0,797.0,216.44,0.4927,20,M,Em observação
686,estavel,6779.93,724.2,0.1068,12,True,6600.82,38339.64,3194.97,179.11,0.4712,18,M,Em observação
687,moderado,2619.38,525.76,0.2007,12,True,2486.94,10528.44,877.37,132.44,0.335,18,F,Saudável
688,alto,3764.76,1649.63,0.4382,12,True,3509.48,18606.84,1550.57,255.28,0.4119,47,F,Em observação
689,alto,2919.28,1084.92,0.3716,12,True,2576.64,12597.48,1049.79,342.64,0.3596,50,F,Saudável
690,moderado,4287.37,1026.5,0.2394,12,True,3335.95,11603.52,966.96,951.42,0.2255,37,M,Saudável
691,estavel,2477.52,49.55,0.02,12,True,2885.76,14910.36,1242.53,-408.24,0.5015,54,M,Em risco
692,alto,3504.43,1708.72,0.4876,12,True,2301.54,9027.0,752.25,1202.89,0.2147,33,M,Em observação
693,estavel,4652.56,402.13,0.0864,12,True,3818.71,12751.08,1062.59,833.85,0.2284,39,M,Saudável
694,estavel,2413.94,481.21,0.1993,12,True,1985.9,4208.16,350.68,428.04,0.1453,40,M,Saudável
695,alto,2773.09,1095.35,0.395,12,True,2474.81,10875.6,906.3,298.28,0.3268,24,M,Saudável
696,moderado,3250.08,698.33,0.2149,12,True,2413.82,14629.08,1219.09,836.26,0.3751,56,M,Saudável
697,moderado,1997.78,619.14,0.3099,12,True,1751.36,6636.96,553.08,246.42,0.2768,55,M,Saudável
698,moderado,3141.97,878.4,0.2796,12,True,2480.93,23760.6,1980.05,661.04,0.6302,52,M,Em observação
699,moderado,4008.67,742.36,0.1852,12,True,2145.63,14234.64,1186.22,1863.04,0.2959,42,F,Saudável
700,estavel,3174.67,289.52,0.0912,12,True,2608.69,19272.48,1606.04,565.98,0.5059,21,F,Em observação
701,estavel,3363.16,269.39,0.0801,12,True,2091.54,13535.28,1127.94,1271.62,0.3354,28,M,Saudável
702,estavel,3766.12,354.38,0.0941,12,True,1912.48,16017.36,1334.78,1853.64,0.3544,39,M,Saudável
703,estavel,2828.98,127.49,0.0451,12,True,2389.46,8658.0,721.5,439.52,0.255,44,M,Saudável
704,alto,5186.09,2310.58,0.4455,12,True,4708.03,5649.6,470.8,478.06,0.0908,20,F,Em observação
705,estavel,7251.38,145.03,0.02,12,True,6633.6,28106.4,2342.2,617.78,0.323,42,F,Saudável
706,moderado,3083.39,699.18,0.2268,12,True,2843.17,17186.4,1432.2,240.22,0.4645,34,F,Em observação
707,alto,4727.23,2233.62,0.4725,12,True,2231.89,11857.44,988.12,2495.34,0.209,56,F,Em observação
708,alto,3411.57,1496.41,0.4386,12,True,1961.71,10859.76,904.98,1449.86,0.2653,49,F,Em observação
709,moderado,4479.32,623.73,0.1392,12,True,5264.25,39048.36,3254.03,-784.93,0.7265,47,M,Em risco
710,moderado,7687.55,2071.23,0.2694,12,True,4854.71,27806.4,2317.2,2832.84,0.3014,35,F,Saudável
711,alto,4777.41,2236.91,0.4682,12,True,4442.76,28780.44,2398.37,334.65,0.502,27,M,Em observação
712,moderado,1710.81,314.27,0.1837,12,True,1191.32,3989.52,332.46,519.49,0.1943,44,M,Saudável
713,alto,4661.32,2032.2,0.436,12,True,3889.13,11933.04,994.42,772.19,0.2133,19,M,Em observação
714,alto,6617.98,2481.52,0.375,12,True,4672.39,37124.04,3093.67,1945.59,0.4675,39,M,Em observação
715,alto,3439.35,1371.37,0.3987,12,True,3167.91,16541.64,1378.47,271.44,0.4008,37,M,Em observação
716,estavel,5947.89,315.89,0.0531,12,True,5023.7,19683.84,1640.32,924.19,0.2758,57,M,Saudável
717,moderado,2785.56,783.92,0.2814,12,True,2059.39,8075.88,672.99,726.17,0.2416,41,M,Saudável
718,estavel,1947.43,93.52,0.048,12,True,1228.77,4757.28,396.44,718.66,0.2036,31,M,Saudável
719,moderado,4049.23,1020.45,0.252,12,True,3515.54,13232.04,1102.67,533.69,0.2723,35,M,Saudável
720,alto,1723.9,729.35,0.4231,12,True,1037.29,2832.12,236.01,686.61,0.1369,33,F,Em observação
721,moderado,3411.34,792.79,0.2324,12,True,3059.79,7157.64,596.47,351.55,0.1748,31,M,Saudável
722,moderado,6780.7,1443.82,0.2129,12,True,8765.87,41103.12,3425.26,-1985.17,0.5051,23,M,Em risco
723,estavel,1608.99,198.96,0.1237,12,True,1710.41,6795.0,566.25,-101.42,0.3519,41,M,Em risco
724,alto,2136.63,904.35,0.4233,12,True,2028.31,14264.88,1188.74,108.32,0.5564,42,M,Em observação
725,estavel,2388.31,47.77,0.02,12,True,1921.61,10698.6,891.55,466.7,0.3733,53,M,Saudável
726,estavel,3693.25,73.86,0.02,12,True,1739.61,9598.44,799.87,1953.64,0.2166,49,M,Saudável
727,estavel,3223.37,172.15,0.0534,12,True,1875.96,6945.48,578.79,1347.41,0.1796,52,F,Saudável
728,estavel,7132.15,142.64,0.02,12,True,7495.2,36142.92,3011.91,-363.05,0.4223,34,M,Em risco
729,moderado,5838.41,1404.2,0.2405,12,True,3957.53,22517.52,1876.46,1880.88,0.3214,22,M,Saudável
730,moderado,4748.71,934.13,0.1967,12,True,3296.24,20862.36,1738.53,1452.47,0.3661,59,M,Saudável
731,estavel,4057.37,806.32,0.1987,12,True,3206.06,15616.68,1301.39,851.31,0.3207,45,F,Saudável
732,estavel,4535.59,90.71,0.02,12,True,2852.12,19914.72,1659.56,1683.47,0.3659,56,M,Saudável
733,estavel,2578.25,232.51,0.0902,12,True,1544.84,7808.16,650.68,1033.41,0.2524,18,F,Saudável
734,moderado,5588.69,914.32,0.1636,12,True,4531.95,29308.68,2442.39,1056.74,0.437,18,F,Em observação
735,estavel,2303.85,127.47,0.0553,12,True,1519.45,6318.24,526.52,784.4,0.2285,26,M,Saudável
736,moderado,5534.05,1256.62,0.2271,12,True,3799.77,6753.48,562.79,1734.28,0.1017,40,M,Saudável
737,estavel,6480.29,129.61,0.02,12,True,4402.62,24315.84,2026.32,2077.67,0.3127,40,F,Saudável
738,estavel,4178.24,383.74,0.0918,12,True,3819.02,24233.88,2019.49,359.22,0.4833,47,M,Em observação
739,moderado,3510.31,1106.26,0.3151,12,True,2731.78,16597.32,1383.11,778.53,0.394,27,M,Saudável
740,moderado,4550.06,897.85,0.1973,12,True,3584.8,20791.56,1732.63,965.26,0.3808,46,F,Saudável
741,estavel,1048.46,97.5,0.093,12,True,972.39,4290.72,357.56,76.07,0.341,19,F,Saudável
742,estavel,4353.66,571.4,0.1312,12,True,3458.69,12409.32,1034.11,894.97,0.2375,59,F,Saudável
743,alto,3611.03,1595.36,0.4418,12,True,2780.18,16773.12,1397.76,830.85,0.3871,34,F,Em observação
744,estavel,3714.4,189.26,0.051,12,True,3360.35,19515.6,1626.3,354.05,0.4378,31,M,Em observação
745,moderado,5222.31,554.68,0.1062,12,True,4910.41,19790.88,1649.24,311.9,0.3158,59,M,Saudável
746,moderado,3674.27,926.1,0.252,12,True,2915.63,20517.24,1709.77,758.64,0.4653,56,F,Em observação
747,estavel,2274.84,169.12,0.0743,12,True,1898.38,6551.04,545.92,376.46,0.24,19,M,Saudável
748,moderado,3565.73,603.91,0.1694,12,True,2422.12,9663.48,805.29,1143.61,0.2258,32,M,Saudável
749,alto,3917.29,1787.58,0.4563,12,True,2605.3,20804.76,1733.73,1311.99,0.4426,23,M,Em observação
750,alto,4001.71,1683.98,0.4208,12,True,3835.43,25327.08,2110.59,166.28,0.5274,60,F,Em observação
751,estavel,4087.22,218.99,0.0536,12,True,3678.86,16170.72,1347.56,408.36,0.3297,26,M,Saudável
752,estavel,6066.11,669.18,0.1103,12,True,5471.35,30405.84,2533.82,594.76,0.4177,30,M,Em observação
753,estavel,2330.97,46.62,0.02,12,True,2029.23,10792.68,899.39,301.74,0.3858,43,M,Saudável
754,moderado,4112.64,1120.14,0.2724,12,True,3406.57,4087.92,340.66,706.07,0.0828,28,M,Saudável
755,moderado,6790.13,1019.31,0.1501,12,True,6419.08,21878.4,1823.2,371.05,0.2685,39,M,Saudável
756,estavel,1740.94,81.59,0.0469,12,True,1720.61,8514.36,709.53,20.33,0.4076,35,F,Em observação
757,estavel,4119.95,725.72,0.1761,12,True,4054.12,17830.44,1485.87,65.83,0.3607,31,F,Saudável
758,alto,2919.99,1478.59,0.5064,12,True,2341.42,12842.16,1070.18,578.57,0.3665,26,M,Em observação
759,estavel,3216.14,272.99,0.0849,12,True,3440.17,24332.52,2027.71,-224.03,0.6305,39,M,Em risco
760,moderado,2529.03,437.46,0.173,12,True,2177.81,9715.68,809.64,351.22,0.3201,39,F,Saudável
761,moderado,3520.85,681.41,0.1935,12,True,3287.87,10311.48,859.29,232.98,0.2441,46,F,Saudável
762,estavel,8702.11,728.05,0.0837,12,True,7577.59,42621.96,3551.83,1124.52,0.4082,24,F,Em observação
763,estavel,2151.16,176.13,0.0819,12,True,1859.59,8279.04,689.92,291.57,0.3207,39,M,Saudável
764,estavel,2244.93,169.39,0.0755,12,True,1543.53,7345.8,612.15,701.4,0.2727,19,F,Saudável
765,alto,2115.16,948.56,0.4485,12,True,2001.46,9036.24,753.02,113.7,0.356,55,F,Em observação
766,estavel,8267.56,572.79,0.0693,12,True,11013.65,99952.32,8329.36,-2746.09,1.0075,55,M,Em risco
767,estavel,3086.22,61.72,0.02,12,True,2322.49,2787.0,232.25,763.73,0.0753,50,F,Saudável
768,estavel,3756.41,203.5,0.0542,12,True,3128.26,13579.8,1131.65,628.15,0.3013,36,F,Saudável
769,estavel,3170.05,398.57,0.1257,12,True,2344.83,11802.36,983.53,825.22,0.3103,47,M,Saudável
770,moderado,2484.35,376.59,0.1516,12,True,1818.93,6609.84,550.82,665.42,0.2217,27,F,Saudável
771,estavel,3418.44,241.08,0.0705,12,True,3753.45,24996.84,2083.07,-335.01,0.6094,37,M,Em risco
772,moderado,11486.94,2056.3,0.179,12,True,8027.82,52211.88,4350.99,3459.12,0.3788,21,F,Saudável
773,moderado,7109.51,1603.67,0.2256,12,True,5223.11,25875.48,2156.29,1886.4,0.3033,38,F,Saudável
774,alto,2588.76,1114.64,0.4306,12,True,1383.05,6296.76,524.73,1205.71,0.2027,29,M,Em observação
775,estavel,5085.58,782.52,0.1539,12,True,3476.65,16821.72,1401.81,1608.93,0.2756,35,F,Saudável
776,alto,2613.83,1242.43,0.4753,12,True,1339.56,6498.72,541.56,1274.27,0.2072,43,M,Em observação
777,moderado,1708.53,263.81,0.1544,12,True,1595.3,7815.24,651.27,113.23,0.3812,46,M,Saudável
778,estavel,6012.14,682.75,0.1136,12,True,7959.75,37423.56,3118.63,-1947.61,0.5187,27,M,Em risco
779,alto,6404.77,2634.07,0.4113,12,True,4829.18,26533.44,2211.12,1575.59,0.3452,59,F,Em observação
780,alto,6084.38,2562.44,0.4212,12,True,3163.78,20234.88,1686.24,2920.6,0.2771,40,M,Em observação
781,estavel,3075.79,294.33,0.0957,12,True,3020.43,8534.28,711.19,55.36,0.2312,31,F,Saudável
782,alto,3525.25,1499.69,0.4254,12,True,2429.44,7649.88,637.49,1095.81,0.1808,39,M,Em observação
783,moderado,5324.91,1409.2,0.2646,12,True,5611.83,10621.32,885.11,-286.92,0.1662,21,F,Em risco
784,moderado,4532.05,821.55,0.1813,12,True,3486.21,23007.24,1917.27,1045.84,0.423,42,M,Em observação
785,alto,3183.13,1333.9,0.4191,12,True,2248.16,12343.68,1028.64,934.97,0.3232,45,M,Em observação
786,moderado,1833.85,343.26,0.1872,12,True,1445.01,8597.04,716.42,388.84,0.3907,47,F,Saudável
787,alto,3999.8,1686.79,0.4217,12,True,3825.41,9436.92,786.41,174.39,0.1966,49,M,Em observação
788,estavel,6175.29,833.41,0.135,12,True,4810.95,39704.28,3308.69,1364.34,0.5358,58,M,Em observação
789,alto,2216.85,1067.28,0.4814,12,True,1619.61,6387.84,532.32,597.24,0.2401,45,M,Em observação
790,moderado,5065.45,1547.48,0.3055,12,True,3972.38,21223.56,1768.63,1093.07,0.3492,42,M,Saudável
791,estavel,4411.41,853.09,0.1934,12,True,2607.43,17151.36,1429.28,1803.98,0.324,59,M,Saudável
792,moderado,5325.83,897.21,0.1685,12,True,4747.79,15494.16,1291.18,578.04,0.2424,57,M,Saudável
793,estavel,5625.95,469.88,0.0835,12,True,2803.91,11374.44,947.87,2822.04,0.1685,40,F,Saudável
794,estavel,2780.11,58.91,0.0212,12,True,2057.44,11033.04,919.42,722.67,0.3307,42,F,Saudável
795,estavel,1835.6,75.48,0.0411,12,True,1756.1,17883.12,1490.26,79.5,0.8119,57,M,Em risco
796,estavel,2988.94,144.95,0.0485,12,True,2613.97,14591.28,1215.94,374.97,0.4068,44,M,Em observação
797,estavel,5669.54,153.88,0.0271,12,True,5251.46,41651.64,3470.97,418.08,0.6122,22,M,Em observação
798,estavel,2977.55,81.6,0.0274,12,True,2406.73,17353.08,1446.09,570.82,0.4857,43,M,Em observação
799,moderado,2780.64,591.68,0.2128,12,True,2865.6,16340.88,1361.74,-84.96,0.4897,41,M,Em risco
800,moderado,1674.3,266.49,0.1592,12,True,1651.61,5383.32,448.61,22.69,0.2679,56,M,Saudável
801,moderado,8361.96,2191.72,0.2621,12,True,7528.32,52303.44,4358.62,833.64,0.5212,55,M,Em observação
802,estavel,5510.04,187.96,0.0341,12,True,5438.18,12743.88,1061.99,71.86,0.1927,37,F,Saudável
803,alto,5373.36,3172.85,0.5905,12,True,5131.97,40653.24,3387.77,241.39,0.6305,40,F,Em observação
804,moderado,5873.66,1159.64,0.1974,12,True,4351.77,23499.6,1958.3,1521.89,0.3334,54,M,Saudável
805,estavel,4925.96,411.81,0.0836,12,True,2847.69,3417.24,284.77,2078.27,0.0578,25,F,Saudável
806,estavel,3404.35,68.09,0.02,12,True,3049.16,13498.92,1124.91,355.19,0.3304,48,M,Saudável
807,moderado,3530.03,1077.73,0.3053,12,True,3241.61,20153.4,1679.45,288.42,0.4758,31,F,Em observação
808,estavel,3134.9,426.27,0.136,12,True,3185.95,14697.96,1224.83,-51.05,0.3907,53,M,Em risco
809,moderado,12436.48,2920.66,0.2348,12,True,8101.9,51260.76,4271.73,4334.58,0.3435,32,M,Saudável
810,alto,4880.08,1867.41,0.3827,12,True,3205.44,11250.96,937.58,1674.64,0.1921,25,M,Saudável
811,estavel,3084.2,279.22,0.0905,12,True,2784.36,7487.76,623.98,299.84,0.2023,25,M,Saudável
812,estavel,4685.51,112.12,0.0239,12,True,3782.1,18575.4,1547.95,903.41,0.3304,47,M,Saudável
813,alto,2411.17,1261.33,0.5231,12,True,1158.72,5905.8,492.15,1252.45,0.2041,28,M,Em observação
814,moderado,7478.48,1947.84,0.2605,12,True,6637.3,29289.84,2440.82,841.18,0.3264,43,F,Saudável
815,estavel,2822.21,239.24,0.0848,12,True,1373.19,9954.48,829.54,1449.02,0.2939,32,M,Saudável
816,alto,4761.15,1562.52,0.3282,12,True,3094.05,10858.92,904.91,1667.1,0.1901,26,F,Saudável
817,alto,6139.18,2460.76,0.4008,12,True,6527.81,36579.84,3048.32,-388.63,0.4965,21,F,Em risco
818,moderado,4518.35,1149.41,0.2544,12,True,5189.23,26788.56,2232.38,-670.88,0.4941,48,M,Em risco
819,moderado,3965.03,1112.76,0.2806,12,True,2383.7,5334.48,444.54,1581.33,0.1121,29,F,Saudável
820,estavel,3818.52,517.25,0.1355,12,True,2904.78,7743.36,645.28,913.74,0.169,57,M,Saudável
821,estavel,3704.7,74.09,0.02,12,True,3066.28,15519.84,1293.32,638.42,0.3491,22,F,Saudável
822,moderado,2931.42,689.11,0.2351,12,True,3343.64,28775.88,2397.99,-412.22,0.818,21,M,Em risco
823,estavel,3104.13,405.94,0.1308,12,True,2270.0,13807.68,1150.64,834.13,0.3707,58,F,Saudável
824,moderado,7395.09,1013.74,0.1371,12,True,5429.19,10499.28,874.94,1965.9,0.1183,50,M,Saudável
825,alto,3618.86,1627.06,0.4496,12,True,3976.3,4771.56,397.63,-357.44,0.1099,48,M,Em risco
826,estavel,2668.17,249.99,0.0937,12,True,2007.9,12769.2,1064.1,660.27,0.3988,48,F,Saudável
827,moderado,3012.19,617.38,0.205,12,True,2861.57,13926.72,1160.56,150.62,0.3853,39,M,Saudável
828,estavel,6234.93,124.7,0.02,12,True,3454.86,24509.76,2042.48,2780.07,0.3276,59,M,Saudável
829,alto,5150.14,2233.69,0.4337,12,True,4064.38,14041.2,1170.1,1085.76,0.2272,18,F,Em observação
830,estavel,4889.79,311.16,0.0636,12,True,2548.91,14453.28,1204.44,2340.88,0.2463,59,M,Saudável
831,moderado,3384.2,719.47,0.2126,12,True,2132.12,13993.32,1166.11,1252.08,0.3446,29,M,Saudável
832,moderado,4918.55,943.51,0.1918,12,True,4776.19,20225.04,1685.42,142.36,0.3427,49,F,Saudável
833,moderado,2844.53,562.79,0.1978,12,True,2306.96,9857.76,821.48,537.57,0.2888,32,F,Saudável
834,moderado,3381.01,737.11,0.218,12,True,2578.23,13111.56,1092.63,802.78,0.3232,58,F,Saudável
835,moderado,5879.16,1423.48,0.2421,12,True,4028.55,24239.04,2019.92,1850.61,0.3436,56,F,Saudável
836,moderado,5631.78,1153.27,0.2048,12,True,4394.38,22034.28,1836.19,1237.4,0.326,19,F,Saudável
837,alto,2442.79,1049.22,0.4295,12,True,2135.49,14506.8,1208.9,307.3,0.4949,18,M,Em observação
838,alto,2585.75,1175.53,0.4546,12,True,2577.8,10848.72,904.06,7.95,0.3496,44,F,Em observação
839,moderado,3990.5,494.64,0.124,12,True,1386.59,3672.96,306.08,2603.91,0.0767,43,F,Saudável
840,moderado,8262.78,2014.89,0.2439,12,True,5538.4,47622.24,3968.52,2724.38,0.4803,44,M,Em observação
841,estavel,1604.8,128.34,0.08,12,True,1361.89,5381.76,448.48,242.91,0.2795,27,F,Saudável
842,alto,4307.04,1946.72,0.452,12,True,3455.13,13878.6,1156.55,851.91,0.2685,50,M,Em observação
843,moderado,2045.78,548.34,0.268,12,True,1826.08,8987.16,748.93,219.7,0.3661,30,M,Saudável
844,moderado,2856.37,349.5,0.1224,12,True,2479.78,12798.0,1066.5,376.59,0.3734,34,F,Saudável
845,estavel,3225.24,64.5,0.02,12,True,2467.71,10719.6,893.3,757.53,0.277,58,F,Saudável
846,alto,3144.87,1458.25,0.4637,12,True,2280.55,11422.44,951.87,864.32,0.3027,24,F,Em observação
847,moderado,2988.56,656.42,0.2196,12,True,2318.55,11519.52,959.96,670.01,0.3212,27,M,Saudável
848,moderado,3812.34,871.15,0.2285,12,True,3914.41,20960.4,1746.7,-102.07,0.4582,43,M,Em risco
849,estavel,2986.6,169.92,0.0569,12,True,2055.49,2466.6,205.55,931.11,0.0688,26,F,Saudável
850,alto,1967.76,950.86,0.4832,12,True,1591.32,13407.84,1117.32,376.44,0.5678,32,F,Em observação
851,estavel,5397.54,683.5,0.1266,12,True,4604.11,21984.12,1832.01,793.43,0.3394,30,M,Saudável
852,estavel,5332.36,555.63,0.1042,12,True,5870.2,35720.88,2976.74,-537.84,0.5582,35,M,Em risco
853,alto,5553.51,2426.65,0.437,12,True,4253.68,10887.0,907.25,1299.83,0.1634,42,F,Em observação
854,alto,1899.65,654.65,0.3446,12,True,1885.56,7904.64,658.72,14.09,0.3468,53,M,Saudável
855,estavel,4347.12,514.97,0.1185,12,True,4528.64,17343.96,1445.33,-181.52,0.3325,26,M,Em risco
856,moderado,5151.0,1447.88,0.2811,12,True,4164.71,32007.84,2667.32,986.29,0.5178,59,M,Em observação
857,moderado,2389.2,602.62,0.2522,12,True,1868.52,7447.08,620.59,520.68,0.2597,29,M,Saudável
858,alto,3815.72,1549.25,0.406,12,True,2902.89,18591.72,1549.31,912.83,0.406,33,F,Em observação
859,moderado,3606.3,914.88,0.2537,12,True,2791.1,10799.4,899.95,815.2,0.2495,26,M,Saudável
860,moderado,8705.62,2289.81,0.263,12,True,8477.21,35818.68,2984.89,228.41,0.3429,26,F,Saudável
861,moderado,9034.26,2691.67,0.2979,12,True,7783.75,35789.76,2982.48,1250.51,0.3301,38,M,Saudável
862,moderado,1796.86,316.6,0.1762,12,True,1549.53,11390.52,949.21,247.33,0.5283,40,M,Em observação
863,alto,11672.88,5120.63,0.4387,12,True,7207.53,11807.88,983.99,4465.35,0.0843,51,F,Em observação
864,moderado,2517.21,647.84,0.2574,12,True,1625.74,4343.64,361.97,891.47,0.1438,41,F,Saudável
865,estavel,5907.98,489.6,0.0829,12,True,7123.96,10934.16,911.18,-1215.98,0.1542,33,F,Em risco
866,alto,5880.99,2317.9,0.3941,12,True,4634.17,14284.8,1190.4,1246.82,0.2024,37,M,Saudável
867,alto,2427.69,1142.79,0.4707,12,True,1652.14,5913.24,492.77,775.55,0.203,54,F,Em observação
868,alto,4744.43,2272.26,0.4789,12,True,5112.59,10909.92,909.16,-368.16,0.1916,45,M,Em risco
869,estavel,3620.5,305.56,0.0844,12,True,3152.46,11722.56,976.88,468.04,0.2698,25,F,Saudável
870,estavel,4876.61,443.67,0.091,12,True,4506.32,6369.72,530.81,370.29,0.1088,30,M,Saudável
871,moderado,4215.65,872.91,0.2071,12,True,3352.08,10752.24,896.02,863.57,0.2125,37,F,Saudável
872,estavel,6510.09,1001.99,0.1539,12,True,4964.85,35750.64,2979.22,1545.24,0.4576,31,F,Em observação
873,alto,3931.15,1591.98,0.405,12,True,3103.54,17896.44,1491.37,827.61,0.3794,58,M,Em observação
874,moderado,3523.51,671.7,0.1906,12,True,2012.3,10821.0,901.75,1511.21,0.2559,31,M,Saudável
875,moderado,6222.86,1372.45,0.2205,12,True,5004.26,16188.72,1349.06,1218.6,0.2168,38,M,Saudável
876,alto,4934.14,2437.21,0.4939,12,True,4308.92,9803.04,816.92,625.22,0.1656,34,M,Em observação
877,moderado,5282.06,766.59,0.1451,12,True,6090.66,18208.2,1517.35,-808.6,0.2873,47,M,Em risco
878,estavel,2817.75,56.36,0.02,12,True,2354.17,11681.88,973.49,463.58,0.3455,41,M,Saudável
879,moderado,2374.13,280.42,0.1181,12,True,949.29,6267.84,522.32,1424.84,0.22,59,F,Saudável
880,moderado,2943.28,652.33,0.2216,12,True,2363.7,15752.28,1312.69,579.58,0.446,23,M,Em observação
881,moderado,2873.79,471.54,0.1641,12,True,3773.6,23302.32,1941.86,-899.81,0.6757,50,F,Em risco
882,moderado,5412.93,1086.77,0.2008,12,True,5282.73,19611.6,1634.3,130.2,0.3019,46,M,Saudável
883,alto,5895.53,2847.95,0.4831,12,True,3973.82,20203.68,1683.64,1921.71,0.2856,20,F,Em observação
884,moderado,3543.77,665.96,0.1879,12,True,3282.95,14647.2,1220.6,260.82,0.3444,48,M,Saudável
885,estavel,7234.89,662.46,0.0916,12,True,4966.3,23231.64,1935.97,2268.59,0.2676,51,F,Saudável
886,moderado,7034.4,1442.28,0.205,12,True,4054.03,35297.76,2941.48,2980.37,0.4182,46,M,Em observação
887,moderado,4239.86,1075.25,0.2536,12,True,3210.82,5999.04,499.92,1029.04,0.1179,54,F,Saudável
888,estavel,2625.18,272.38,0.1038,12,True,2195.9,10139.76,844.98,429.28,0.3219,53,M,Saudável
889,estavel,7720.82,350.55,0.0454,12,True,3729.25,26929.44,2244.12,3991.57,0.2907,52,M,Saudável
890,moderado,3697.08,782.18,0.2116,12,True,2266.87,5443.68,453.64,1430.21,0.1227,30,F,Saudável
891,estavel,4021.98,531.65,0.1322,12,True,3305.51,12829.56,1069.13,716.47,0.2658,20,F,Saudável
892,alto,3261.47,1531.81,0.4697,12,True,2434.78,9952.68,829.39,826.69,0.2543,24,F,Em observação
893,estavel,2546.18,50.92,0.02,12,True,2268.81,10522.92,876.91,277.37,0.3444,31,F,Saudável
894,estavel,1962.29,221.31,0.1128,12,True,1180.04,2557.44,213.12,782.25,0.1086,51,M,Saudável
895,alto,5052.04,1999.44,0.3958,12,True,4792.06,29286.72,2440.56,259.98,0.4831,38,F,Em observação
896,alto,2671.05,1390.62,0.5206,12,True,1621.12,10114.68,842.89,1049.93,0.3156,28,M,Em observação
897,estavel,15056.2,1975.45,0.1312,12,True,16798.08,100033.8,8336.15,-1741.88,0.5537,44,M,Em risco
898,estavel,2330.93,220.26,0.0945,12,True,1191.49,4138.44,344.87,1139.44,0.148,34,M,Saudável
899,estavel,2157.99,189.6,0.0879,12,True,1345.16,6989.04,582.42,812.83,0.2699,59,F,Saudável
900,moderado,4780.59,1001.76,0.2095,12,True,4279.23,14639.28,1219.94,501.36,0.2552,54,M,Saudável
901,moderado,7562.43,1920.3,0.2539,12,True,8466.61,37602.96,3133.58,-904.18,0.4144,50,M,Em risco
902,estavel,3912.07,240.44,0.0615,12,True,3429.74,30580.44,2548.37,482.33,0.6514,25,M,Em observação
903,estavel,4916.07,451.19,0.0918,12,True,4529.25,23607.6,1967.3,386.82,0.4002,18,F,Em observação
904,moderado,1657.66,436.95,0.2636,12,True,1364.51,3960.48,330.04,293.15,0.1991,55,M,Saudável
905,alto,2801.4,1181.94,0.4219,12,True,1779.58,9546.72,795.56,1021.82,0.284,21,F,Em observação
906,moderado,2344.04,443.47,0.1892,12,True,1715.31,4471.44,372.62,628.73,0.159,18,F,Saudável
907,moderado,1619.68,259.61,0.1603,12,True,974.81,2809.2,234.1,644.87,0.1445,58,F,Saudável
908,estavel,4005.39,107.25,0.0268,12,True,2362.51,7479.6,623.3,1642.88,0.1556,29,M,Saudável
909,estavel,1385.04,27.7,0.02,12,True,1235.89,5240.52,436.71,149.15,0.3153,42,M,Saudável
910,estavel,2095.96,244.16,0.1165,12,True,1294.94,8710.44,725.87,801.02,0.3463,18,F,Saudável
911,alto,2984.0,1612.69,0.5404,12,True,2618.52,15923.52,1326.96,365.48,0.4447,43,F,Em observação
912,alto,2614.11,1362.65,0.5213,12,True,1531.01,9157.56,763.13,1083.1,0.2919,38,M,Em observação
913,alto,4542.08,1674.65,0.3687,12,True,3966.82,12146.16,1012.18,575.26,0.2228,55,F,Saudável
914,alto,4360.17,2120.1,0.4862,12,True,3191.81,12976.68,1081.39,1168.36,0.248,58,M,Em observação
915,alto,5681.47,2960.64,0.5211,12,True,6097.3,33715.68,2809.64,-415.83,0.4945,28,F,Em risco
916,alto,5331.19,2277.27,0.4272,12,True,4682.22,18302.88,1525.24,648.97,0.2861,49,F,Em observação
917,estavel,6349.44,540.16,0.0851,12,True,6618.92,30042.84,2503.57,-269.48,0.3943,46,F,Em risco
918,estavel,3796.72,75.93,0.02,12,True,2596.89,15151.44,1262.62,1199.83,0.3326,58,F,Saudável
919,estavel,4356.03,406.58,0.0933,12,True,3615.97,15954.36,1329.53,740.06,0.3052,36,F,Saudável
920,moderado,4783.55,798.0,0.1668,12,True,3077.76,16764.24,1397.02,1705.79,0.292,38,M,Saudável
921,estavel,4050.12,364.44,0.09,12,True,3019.57,23875.44,1989.62,1030.55,0.4912,48,M,Em observação
922,alto,3178.04,1182.04,0.3719,12,True,2456.06,11618.76,968.23,721.98,0.3047,31,F,Saudável
923,moderado,3272.0,808.65,0.2471,12,True,2255.54,16155.96,1346.33,1016.46,0.4115,45,M,Em observação
924,moderado,2630.3,713.4,0.2712,12,True,1581.36,9562.32,796.86,1048.94,0.303,30,M,Saudável
925,estavel,4593.9,187.62,0.0408,12,True,2598.16,6232.92,519.41,1995.74,0.1131,46,M,Saudável
926,estavel,3642.59,84.34,0.0232,12,True,1452.83,4440.12,370.01,2189.76,0.1016,29,M,Saudável
927,estavel,2819.54,56.39,0.02,12,True,1775.91,6285.84,523.82,1043.63,0.1858,33,F,Saudável
928,alto,2820.72,1231.75,0.4367,12,True,2631.59,9213.96,767.83,189.13,0.2722,20,M,Em observação
929,moderado,2204.11,420.81,0.1909,12,True,1173.18,5722.2,476.85,1030.93,0.2163,54,F,Saudável
930,moderado,5903.11,840.89,0.1424,12,True,3386.84,20816.76,1734.73,2516.27,0.2939,54,M,Saudável
931,estavel,3936.84,404.12,0.1027,12,True,4497.3,32827.08,2735.59,-560.46,0.6949,34,M,Em risco
932,moderado,2577.3,509.02,0.1975,12,True,1818.11,10171.8,847.65,759.19,0.3289,35,M,Saudável
933,moderado,5467.64,908.79,0.1662,12,True,4799.43,20338.92,1694.91,668.21,0.31,29,F,Saudável
934,alto,2952.93,1246.94,0.4223,12,True,2762.81,3569.4,297.45,190.12,0.1007,28,F,Em observação
935,alto,2017.94,1016.16,0.5036,12,True,1895.36,9793.44,816.12,122.58,0.4044,24,F,Em observação
936,estavel,6016.77,662.73,0.1101,12,True,3285.06,16709.04,1392.42,2731.71,0.2314,55,M,Saudável
937,alto,2984.13,1323.46,0.4435,12,True,2322.87,12472.08,1039.34,661.26,0.3483,54,M,Em observação
938,estavel,3161.34,350.77,0.111,12,True,1671.46,14761.08,1230.09,1489.88,0.3891,49,M,Saudável
939,alto,3871.07,1517.28,0.392,12,True,4878.85,35484.24,2957.02,-1007.78,0.7639,26,M,Em risco
940,estavel,6354.52,518.65,0.0816,12,True,3386.47,21853.32,1821.11,2968.05,0.2866,53,M,Saudável
941,estavel,3834.42,335.0,0.0874,12,True,2421.01,8009.28,667.44,1413.41,0.1741,33,M,Saudável
942,alto,2215.32,944.85,0.4265,12,True,1401.61,5769.84,480.82,813.71,0.217,20,M,Em observação
943,estavel,4853.72,493.98,0.1018,12,True,2672.46,13012.92,1084.41,2181.26,0.2234,28,F,Saudável
944,moderado,3054.93,552.88,0.181,12,True,3248.82,11839.56,986.63,-193.89,0.323,32,F,Em risco
945,moderado,8886.8,2181.63,0.2455,12,True,11162.18,66312.72,5526.06,-2275.38,0.6218,44,F,Em risco
946,estavel,3798.09,408.65,0.1076,12,True,2789.18,15849.36,1320.78,1008.91,0.3477,49,F,Saudável
947,moderado,1389.9,103.05,0.0741,12,True,809.37,2493.72,207.81,580.53,0.1495,25,M,Saudável
948,alto,4462.97,2273.95,0.5095,12,True,1862.64,13400.28,1116.69,2600.33,0.2502,29,F,Em observação
949,alto,9116.36,2713.2,0.2976,12,True,7074.85,36960.12,3080.01,2041.51,0.3379,19,M,Saudável
950,estavel,7722.71,379.94,0.0492,12,True,5892.85,11359.44,946.62,1829.86,0.1226,34,F,Saudável
951,moderado,8661.87,2349.68,0.2713,12,True,6087.27,30117.24,2509.77,2574.6,0.2897,26,M,Saudável
952,estavel,2401.54,154.02,0.0641,12,True,2064.96,11452.68,954.39,336.58,0.3974,26,F,Saudável
953,estavel,5728.59,114.57,0.02,12,True,5104.93,34667.76,2888.98,623.66,0.5043,30,M,Em observação
954,estavel,2745.89,69.51,0.0253,12,True,2411.32,10688.28,890.69,334.57,0.3244,35,F,Saudável
955,alto,4203.56,2107.43,0.5013,12,True,3207.73,20947.44,1745.62,995.83,0.4153,42,F,Em observação
956,alto,2142.93,758.44,0.3539,12,True,1332.28,7163.52,596.96,810.65,0.2786,55,F,Saudável
957,alto,2843.39,1440.03,0.5064,12,True,2672.36,7143.0,595.25,171.03,0.2093,33,M,Em observação
958,moderado,2803.0,608.94,0.2172,12,True,2304.77,5745.12,478.76,498.23,0.1708,46,M,Saudável
959,moderado,5693.65,913.15,0.1604,12,True,5579.23,39392.76,3282.73,114.42,0.5766,24,F,Em observação
960,moderado,5448.41,1039.8,0.1908,12,True,5242.53,37708.32,3142.36,205.88,0.5767,35,M,Em observação
961,moderado,4304.11,727.99,0.1691,12,True,2427.87,13647.6,1137.3,1876.24,0.2642,38,M,Saudável
962,moderado,2069.51,544.93,0.2633,12,True,1162.73,8990.52,749.21,906.78,0.362,55,F,Saudável
963,estavel,3302.78,385.17,0.1166,12,True,2259.11,15682.56,1306.88,1043.67,0.3957,22,F,Saudável
964,estavel,2716.24,54.32,0.02,12,True,1710.88,10728.12,894.01,1005.36,0.3291,20,F,Saudável
965,alto,5620.13,2415.65,0.4298,12,True,5372.54,18264.72,1522.06,247.59,0.2708,49,M,Em observação
966,moderado,6457.13,1141.88,0.1768,12,True,5703.17,46518.36,3876.53,753.96,0.6003,28,F,Em observação
967,alto,6112.74,3146.08,0.5147,12,True,6221.87,37364.52,3113.71,-109.13,0.5094,37,M,Em risco
968,estavel,2705.14,54.1,0.02,12,True,2411.27,10478.16,873.18,293.87,0.3228,43,F,Saudável
969,moderado,1107.62,332.52,0.3002,12,True,949.85,3644.64,303.72,157.77,0.2742,56,F,Saudável
970,estavel,1715.78,134.41,0.0783,12,True,1777.46,9780.0,815.0,-61.68,0.475,33,F,Em risco
971,estavel,7204.7,157.81,0.0219,12,True,6517.02,13243.2,1103.6,687.68,0.1532,34,M,Saudável
972,estavel,3172.23,146.35,0.0461,12,True,2640.11,16631.16,1385.93,532.12,0.4369,48,F,Em observação
973,estavel,2710.61,108.2,0.0399,12,True,2945.03,9788.04,815.67,-234.42,0.3009,35,M,Em risco
974,alto,7958.16,3073.99,0.3863,12,True,6690.68,38184.36,3182.03,1267.48,0.3998,29,M,Saudável
975,estavel,6714.86,569.03,0.0847,12,True,5138.34,21072.72,1756.06,1576.52,0.2615,58,F,Saudável
976,moderado,3842.04,609.36,0.1586,12,True,2571.06,11734.44,977.87,1270.98,0.2545,18,M,Saudável
977,moderado,3329.99,369.57,0.111,12,True,3151.98,11591.64,965.97,178.01,0.2901,22,M,Saudável
978,moderado,3580.69,719.78,0.201,12,True,3733.47,17733.24,1477.77,-152.78,0.4127,25,F,Em risco
979,moderado,4209.0,546.57,0.1299,12,True,3413.05,28809.12,2400.76,795.95,0.5704,54,M,Em observação
980,estavel,7807.01,330.95,0.0424,12,True,8239.71,62070.6,5172.55,-432.7,0.6626,48,F,Em risco
981,alto,4595.66,1859.15,0.4045,12,True,2138.81,12144.24,1012.02,2456.85,0.2202,42,M,Em observação
982,alto,5268.33,2141.26,0.4064,12,True,4267.44,21313.56,1776.13,1000.89,0.3371,24,M,Em observação
983,moderado,6431.27,2058.32,0.32,12,True,5227.23,34288.32,2857.36,1204.04,0.4443,50,F,Em observação
984,moderado,2244.87,500.2,0.2228,12,True,1547.03,10943.64,911.97,697.84,0.4062,27,M,Em observação
985,estavel,5337.13,492.45,0.0923,12,True,6666.58,23641.92,1970.16,-1329.45,0.3691,54,M,Em risco
986,alto,3328.24,1202.09,0.3612,12,True,2689.5,13180.2,1098.35,638.74,0.33,59,F,Saudável
987,estavel,1224.78,57.93,0.0473,12,True,914.43,1609.8,134.15,310.35,0.1095,50,F,Saudável
988,estavel,1458.38,132.37,0.0908,12,True,1202.69,8492.88,707.74,255.69,0.4853,24,M,Em observação
989,estavel,2403.31,69.15,0.0288,12,True,1104.31,9670.44,805.87,1299.0,0.3353,19,F,Saudável
990,alto,4826.16,2390.89,0.4954,12,True,3297.35,17094.0,1424.5,1528.81,0.2952,29,M,Em observação
991,moderado,3999.67,639.41,0.1599,12,True,3987.6,4844.88,403.74,12.07,0.1009,33,M,Saudável
992,alto,4128.71,1798.8,0.4357,12,True,2918.13,17905.68,1492.14,1210.58,0.3614,32,F,Em observação
993,alto,9142.42,3846.19,0.4207,12,True,6132.76,20928.84,1744.07,3009.66,0.1908,37,M,Em observação
994,estavel,2146.65,189.37,0.0882,12,True,2266.25,8715.96,726.33,-119.6,0.3384,49,M,Em risco
995,alto,3753.38,1568.82,0.418,12,True,3983.26,24568.08,2047.34,-229.88,0.5455,39,M,Em risco
996,moderado,4357.93,899.72,0.2065,12,True,3979.04,21877.56,1823.13,378.89,0.4183,45,M,Em observação
997,moderado,2728.3,568.01,0.2082,12,True,2013.7,8379.84,698.32,714.6,0.256,37,F,Saudável
998,estavel,3848.75,166.58,0.0433,12,True,2990.08,11573.76,964.48,858.67,0.2506,58,M,Saudável
999,alto,1849.7,877.23,0.4743,12,True,1249.02,6577.92,548.16,600.68,0.2964,51,M,Em observação
1000,estavel,7166.8,658.77,0.0919,12,True,4593.49,19765.56,1647.13,2573.31,0.2298,43,F,Saudável
